Rank 1990-2025,Rank 1954-1989,Recipient,1990,1991,1992,1993,1994,1995,1996,1997,1998,1999,2000,2001,2002,2003,2004,2005,2006,2007,2008,2009,2010,2011,2012,2013,2014,2015,2016,2017,2018,2019,2020,2021,2022,2023,2024,2025,1990-2025, Share of global arms imports,1954-1989 Total, Percentage change from 1954-1989 to 1990-2025,1,2,3,4,5,6,7,8,9,10,11,12,13,14,15,16,17,18,19,20
1.0,1.0,India,2832.0,1873.0,1187.0,735.0,872.0,1396.0,831.0,1680.0,797.0,1227.0,987.0,1184.0,2001.0,2798.0,2242.0,1194.0,1479.0,2276.0,1624.0,1937.0,2891.0,3618.0,4494.0,5272.0,3201.0,2724.0,2558.0,2659.0,2011.0,3147.0,2646.0,3943.0,2629.0,1491.0,1168.0,,75603,8.4%,59543.0,27%,Russia (59),France (8.7),Israel (7.3),United States (6.8),Soviet Union (4.5),United Kingdom (4.1),Germany (2.0),Netherlands (1.8),Uzbekistan (1.3),Ukraine (1.0),South Korea (0.9),Poland (0.7),Italy (0.6),South Africa (0.3),Slovakia (0.3),Kyrgyzstan (0.2),Canada (0.2),Australia (0.1),Switzerland (0.1),Spain (0.1)
2.0,16.0,Saudi Arabia,2039.0,1038.0,1149.0,2354.0,981.0,984.0,1727.0,2791.0,2886.0,1580.0,105.0,60.0,560.0,160.0,1159.0,166.0,206.0,227.0,387.0,827.0,1108.0,1172.0,810.0,1631.0,2711.0,3384.0,2974.0,3968.0,3004.0,3069.0,2530.0,1690.0,3058.0,1296.0,1111.0,,54900,6.1%,22513.0,144%,United States (66),United Kingdom (15),France (8.0),Canada (2.2),Spain (2.0),Switzerland (1.4),Germany (1.3),China (0.8),Turkiye (0.7),Italy (0.7),Belgium (0.6),Sweden (0.3),Netherlands (0.2),Serbia (0.2),Ukraine (0.2),Brazil (0.1),South Africa (0.1),South Korea (0.1),Austria (0.0),Slovakia (0.0)
3.0,18.0,China,274.0,445.0,1190.0,1236.0,310.0,707.0,1501.0,939.0,373.0,1720.0,2472.0,2754.0,2819.0,2315.0,3227.0,3459.0,2823.0,1691.0,1773.0,1376.0,939.0,1032.0,1542.0,1221.0,1033.0,1196.0,1209.0,1537.0,2008.0,1323.0,775.0,686.0,646.0,431.0,72.0,,49057,5.4%,21923.0,124%,Russia (78),France (9.4),Ukraine (4.7),Switzerland (2.6),United Kingdom (2.5),Germany (0.8),Soviet Union (0.7),Israel (0.7),Belarus (0.3),Uzbekistan (0.2),United States (0.1),Japan (0.1),Italy (0.0),,,,,,,
4.0,21.0,South Korea,1214.0,921.0,795.0,1024.0,1029.0,1965.0,1985.0,1230.0,1418.0,1636.0,1399.0,774.0,520.0,754.0,1055.0,803.0,1660.0,1730.0,1691.0,798.0,1299.0,1568.0,1077.0,189.0,742.0,268.0,1038.0,962.0,1030.0,1605.0,1273.0,812.0,423.0,218.0,1009.0,,37909,4.2%,19601.0,93%,United States (74),Germany (14),France (5.0),United Kingdom (2.4),Russia (1.3),Netherlands (1.1),Israel (0.9),Sweden (0.3),Italy (0.3),Spain (0.3),Indonesia (0.2),Canada (0.1),unknown supplier(s) (0.0),Austria (0.0),,,,,,
5.0,14.0,Turkiye,1241.0,1270.0,1879.0,2329.0,1891.0,1567.0,1491.0,1512.0,2627.0,1734.0,1182.0,505.0,882.0,331.0,257.0,1080.0,529.0,701.0,649.0,731.0,467.0,754.0,1481.0,769.0,1525.0,443.0,326.0,427.0,486.0,767.0,107.0,282.0,186.0,679.0,381.0,,33465,3.7%,23954.0,40%,United States (53),Germany (18),Spain (5.7),Italy (4.7),South Korea (3.9),France (3.6),United Kingdom (3.0),Israel (2.7),Netherlands (1.9),Russia (1.7),Switzerland (1.0),China (0.9),Saudi Arabia (0.2),Norway (0.1),Canada (0.1),Pakistan (0.0),Denmark (0.0),,,
6.0,6.0,Japan,2678.0,2940.0,2519.0,2130.0,1020.0,1246.0,867.0,834.0,1480.0,1248.0,488.0,418.0,433.0,452.0,390.0,369.0,463.0,553.0,990.0,990.0,658.0,300.0,239.0,342.0,316.0,343.0,332.0,446.0,764.0,992.0,929.0,1114.0,1571.0,957.0,977.0,,32790,3.6%,36892.0,-11%,United States (95),United Kingdom (2.3),Germany (0.9),France (0.8),Italy (0.6),Sweden (0.3),Norway (0.1),Switzerland (0.0),Australia (0.0),,,,,,,,,,,
7.0,4.0,Egypt,563.0,887.0,973.0,1258.0,2027.0,1704.0,969.0,1051.0,483.0,517.0,833.0,824.0,717.0,631.0,648.0,809.0,695.0,660.0,326.0,95.0,689.0,653.0,308.0,719.0,430.0,1443.0,1653.0,2472.0,1629.0,1081.0,1401.0,1290.0,743.0,1151.0,72.0,,32404,3.6%,39145.0,-17%,United States (51),Russia (16),France (12),Germany (7.6),Italy (3.9),China (2.0),Netherlands (1.5),Czechia (1.0),UAE (1.0),Spain (0.9),Montenegro (0.6),United Kingdom (0.4),Finland (0.3),Austria (0.2),Ukraine (0.2),Jordan (0.2),South Korea (0.2),Slovakia (0.2),Canada (0.1),Brazil (0.1)
8.0,31.0,Pakistan,635.0,511.0,352.0,992.0,862.0,368.0,506.0,691.0,699.0,867.0,175.0,412.0,566.0,645.0,471.0,431.0,324.0,694.0,1073.0,1194.0,2226.0,1141.0,1020.0,1106.0,856.0,759.0,853.0,872.0,894.0,656.0,620.0,978.0,1540.0,2393.0,982.0,,29364,3.3%,14900.0,97%,China (55),United States (13),Ukraine (5.8),France (5.4),Italy (2.9),Russia (2.9),Sweden (2.5),Switzerland (2.3),United Kingdom (2.0),Turkiye (1.8),Netherlands (1.5),Libya (0.9),Germany (0.9),Australia (0.7),Jordan (0.5),Egypt (0.3),Thailand (0.3),Belgium (0.3),Lebanon (0.2),Belarus (0.1)
9.0,63.0,UAE,561.0,237.0,205.0,582.0,571.0,426.0,481.0,690.0,757.0,437.0,246.0,183.0,221.0,676.0,1145.0,2072.0,1925.0,821.0,730.0,604.0,646.0,1217.0,1139.0,2302.0,734.0,1182.0,941.0,820.0,1055.0,703.0,651.0,538.0,714.0,948.0,932.0,,28091,3.1%,3743.0,651%,United States (46),France (26),Russia (7.5),Netherlands (2.5),United Kingdom (2.5),Germany (2.4),Turkiye (2.1),Sweden (2.0),Italy (2.0),South Africa (1.4),Canada (1.0),South Korea (0.8),Israel (0.7),China (0.6),Switzerland (0.4),Australia (0.3),Romania (0.3),Indonesia (0.2),Spain (0.2),Libya (0.2)
10.0,26.0,Australia,356.0,219.0,364.0,448.0,262.0,64.0,597.0,35.0,542.0,678.0,326.0,1215.0,638.0,765.0,447.0,456.0,716.0,616.0,430.0,807.0,1558.0,1584.0,788.0,216.0,849.0,1448.0,1015.0,1664.0,1555.0,1157.0,1632.0,1215.0,815.0,379.0,983.0,,26838,3.0%,17517.0,53%,United States (61),Spain (10),Germany (8.4),Sweden (5.9),France (5.5),United Kingdom (2.8),Italy (2.0),Ireland (1.3),Switzerland (1.2),Israel (0.7),Canada (0.5),Norway (0.5),Netherlands (0.2),New Zealand (0.1),South Korea (0.1),China (0.0),Austria (0.0),,,
11.0,24.0,Taiwan,466.0,651.0,475.0,1157.0,858.0,1318.0,1405.0,4746.0,3967.0,1736.0,592.0,342.0,291.0,112.0,316.0,695.0,503.0,13.0,11.0,36.0,71.0,173.0,411.0,614.0,1082.0,535.0,93.0,487.0,92.0,55.0,111.0,158.0,162.0,223.0,272.0,,24229,2.7%,18002.0,35%,United States (80),France (17),Germany (1.9),Netherlands (0.3),Canada (0.3),Israel (0.2),Singapore (0.1),Italy (0.1),United Kingdom (0.0),,,,,,,,,,,
12.0,28.0,Greece,907.0,487.0,2146.0,892.0,1227.0,865.0,380.0,798.0,1718.0,837.0,714.0,794.0,409.0,2170.0,1098.0,406.0,719.0,1665.0,482.0,1228.0,630.0,70.0,19.0,28.0,204.0,728.0,302.0,51.0,39.0,93.0,92.0,231.0,441.0,404.0,623.0,,23896,2.7%,17034.0,40%,United States (45),Germany (25),France (12),Netherlands (6.4),Russia (4.6),United Kingdom (2.0),Italy (1.7),Sweden (1.1),Austria (0.4),Ukraine (0.3),Canada (0.3),Brazil (0.2),Denmark (0.2),Israel (0.1),Norway (0.1),,,,,
13.0,15.0,United States,363.0,515.0,540.0,968.0,951.0,809.0,601.0,610.0,261.0,220.0,333.0,508.0,515.0,630.0,596.0,582.0,706.0,842.0,936.0,939.0,961.0,937.0,1142.0,767.0,560.0,474.0,439.0,496.0,363.0,890.0,798.0,907.0,733.0,792.0,1209.0,,23894,2.7%,22780.0,4.9%,United Kingdom (27),Germany (9.4),Canada (9.0),Israel (8.6),Switzerland (7.4),France (7.1),Italy (7.0),Netherlands (4.5),Japan (2.9),Australia (2.8),South Africa (2.2),Spain (2.1),Norway (1.9),Denmark (1.9),Sweden (1.7),Jordan (1.3),Moldova (0.9),Poland (0.7),Singapore (0.4),Czechia (0.4)
14.0,29.0,United Kingdom,120.0,940.0,1134.0,783.0,411.0,496.0,568.0,508.0,759.0,132.0,937.0,1287.0,721.0,776.0,215.0,31.0,375.0,840.0,575.0,381.0,462.0,357.0,555.0,509.0,217.0,424.0,288.0,1002.0,463.0,402.0,640.0,886.0,862.0,472.0,643.0,,20172,2.2%,16212.0,24%,United States (79),Germany (4.3),France (3.1),Netherlands (2.7),South Korea (2.7),Israel (2.4),Italy (1.3),Sweden (1.0),Brazil (0.8),Canada (0.7),Spain (0.6),Norway (0.4),Japan (0.4),Singapore (0.1),Finland (0.1),Belgium (0.1),South Africa (0.1),Moldova (0.1),Australia (0.0),Denmark (0.0)
15.0,34.0,Algeria,737.0,1039.0,23.0,22.0,197.0,311.0,83.0,37.0,98.0,370.0,405.0,539.0,252.0,204.0,251.0,159.0,340.0,507.0,1510.0,1063.0,831.0,1133.0,662.0,361.0,715.0,897.0,2916.0,1138.0,1289.0,167.0,598.0,162.0,418.0,393.0,128.0,,19955,2.2%,13538.0,47%,Russia (65),China (7.9),Soviet Union (7.8),Germany (4.9),Italy (2.6),Ukraine (2.1),United States (1.7),France (1.6),Belarus (1.6),United Kingdom (1.3),UAE (0.6),Czechia (0.6),Sweden (0.5),Spain (0.4),South Africa (0.3),Czechoslovakia (0.3),Egypt (0.3),Slovakia (0.2),Netherlands (0.2),Poland (0.1)
16.0,12.0,Israel,81.0,1210.0,1335.0,716.0,761.0,366.0,105.0,54.0,1286.0,1261.0,389.0,116.0,350.0,189.0,846.0,1107.0,1125.0,840.0,680.0,162.0,76.0,86.0,137.0,160.0,549.0,688.0,622.0,535.0,461.0,486.0,349.0,458.0,849.0,863.0,211.0,,19507,2.2%,26902.0,-27%,United States (83),Germany (16),Italy (1.4),France (0.1),Aruba (0.1),Canada (0.1),,,,,,,,,,,,,,
17.0,58.0,Singapore,513.0,370.0,111.0,170.0,179.0,302.0,165.0,619.0,804.0,308.0,788.0,248.0,234.0,85.0,380.0,544.0,81.0,402.0,1115.0,1415.0,936.0,876.0,749.0,756.0,68.0,153.0,637.0,404.0,547.0,472.0,160.0,210.0,499.0,483.0,348.0,,16132,1.8%,4387.0,268%,United States (48),France (20),Germany (12),Israel (6.1),Sweden (5.5),Italy (2.5),United Kingdom (1.9),Netherlands (1.7),Switzerland (1.2),Australia (0.5),South Africa (0.5),Jordan (0.2),Russia (0.2),Canada (0.1),,,,,,
18.0,79.0,Qatar,5.0,17.0,62.0,10.0,9.0,10.0,204.0,238.0,302.0,61.0,3.0,,,,,,,27.0,,286.0,30.0,190.0,335.0,82.0,55.0,490.0,596.0,291.0,637.0,2292.0,1175.0,2082.0,3373.0,2000.0,1152.0,,16014,1.8%,1350.0,1086%,United States (46),France (21),Italy (13),United Kingdom (10),Germany (3.5),Turkiye (2.3),Switzerland (0.8),China (0.7),Netherlands (0.4),Russia (0.2),Ukraine (0.2),Belgium (0.2),Brazil (0.1),Canada (0.1),Norway (0.1),South Africa (0.1),Finland (0.0),Pakistan (0.0),,
19.0,,Ukraine,,,,,,,,,,,,,,,,,,,,,,,,,1.0,22.0,5.0,4.0,67.0,31.0,18.0,44.0,2930.0,4291.0,5230.0,,12643,1.4%,,,United States (45),Germany (12),Poland (11),United Kingdom (4.2),France (3.2),Czechia (3.1),Canada (2.1),Norway (1.9),Turkiye (1.9),Slovakia (1.8),Jordan (1.7),Denmark (1.5),Netherlands (1.4),Italy (1.3),Romania (1.0),Sweden (0.9),Croatia (0.8),Morocco (0.7),Spain (0.7),North Macedonia (0.7)
20.0,60.0,Kuwait,326.0,515.0,896.0,694.0,36.0,637.0,1191.0,482.0,46.0,198.0,226.0,67.0,22.0,42.0,2.0,12.0,5.0,288.0,5.0,8.0,87.0,116.0,31.0,73.0,701.0,317.0,159.0,114.0,96.0,55.0,67.0,889.0,2245.0,497.0,503.0,,11647,1.3%,4101.0,184%,United States (66),Italy (11),France (6.2),Yugoslavia (4.3),Russia (4.0),United Kingdom (2.6),Soviet Union (1.6),Switzerland (1.5),China (0.8),Austria (0.4),UAE (0.3),Australia (0.3),Germany (0.3),Egypt (0.1),Turkiye (0.1),Belgium (0.1),Singapore (0.1),,,
21.0,40.0,Indonesia,202.0,11.0,51.0,210.0,472.0,284.0,378.0,101.0,85.0,161.0,160.0,22.0,75.0,353.0,84.0,33.0,63.0,578.0,240.0,445.0,224.0,258.0,216.0,830.0,1197.0,438.0,351.0,1100.0,357.0,239.0,282.0,366.0,86.0,390.0,186.0,,10526,1.2%,9641.0,9%,Germany (16),United States (15),South Korea (13),United Kingdom (13),Russia (11),Netherlands (10),France (7.5),China (3.3),Spain (1.7),Switzerland (1.7),Australia (1.5),Brazil (1.3),Italy (0.9),Belgium (0.7),Denmark (0.5),Czechia (0.5),Ukraine (0.4),Sweden (0.3),Turkiye (0.3),Canada (0.3)
22.0,22.0,Canada,157.0,767.0,407.0,196.0,473.0,405.0,419.0,353.0,111.0,144.0,530.0,520.0,419.0,141.0,341.0,106.0,97.0,478.0,423.0,104.0,242.0,356.0,207.0,202.0,316.0,408.0,246.0,354.0,185.0,187.0,248.0,346.0,203.0,76.0,149.0,,10316,1.1%,19498.0,-47%,United States (55),United Kingdom (15),Switzerland (5.8),Netherlands (5.8),Australia (3.3),Spain (3.2),Germany (2.5),Italy (1.9),Israel (1.7),Sweden (1.5),France (1.1),UAE (0.9),Belgium (0.9),Greece (0.3),unknown supplier(s) (0.2),Kyrgyzstan (0.1),South Africa (0.1),Denmark (0.0),,
23.0,3.0,Iraq,818.0,,,,,,,,,,,,,,73.0,193.0,308.0,299.0,379.0,418.0,480.0,622.0,520.0,373.0,629.0,1485.0,1831.0,945.0,455.0,144.0,5.0,,55.0,29.0,23.0,,10084,1.1%,44433.0,-77%,United States (48),Russia (23),Soviet Union (5.9),South Korea (4.3),Ukraine (3.3),Italy (2.2),France (2.2),Czechia (1.9),Bulgaria (1.6),China (1.1),Germany (1.0),Poland (0.9),Hungary (0.9),Jordan (0.8),Turkiye (0.7),Iran (0.4),Belarus (0.4),Greece (0.4),Spain (0.3),South Africa (0.3)
24.0,19.0,Italy,153.0,202.0,184.0,201.0,195.0,327.0,280.0,519.0,56.0,25.0,278.0,241.0,245.0,580.0,452.0,143.0,384.0,467.0,159.0,94.0,98.0,286.0,189.0,71.0,127.0,237.0,734.0,709.0,275.0,178.0,201.0,211.0,237.0,485.0,432.0,,9654,1.1%,21102.0,-54%,United States (64),Germany (17),United Kingdom (10.0),Israel (3.7),France (3.6),Sweden (0.5),Finland (0.3),Netherlands (0.3),Canada (0.1),,,,,,,,,,,
25.0,44.0,Norway,435.0,321.0,253.0,180.0,93.0,77.0,151.0,158.0,152.0,150.0,229.0,99.0,90.0,9.0,6.0,14.0,557.0,596.0,603.0,571.0,150.0,607.0,147.0,51.0,16.0,143.0,142.0,353.0,520.0,394.0,435.0,522.0,700.0,200.0,349.0,,9474,1.1%,8198.0,16%,United States (49),Spain (24),Germany (8.9),Sweden (6.8),France (3.2),Italy (2.3),South Korea (2.3),United Kingdom (2.3),Netherlands (1.2),Finland (0.4),South Africa (0.3),Poland (0.1),,,,,,,,
26.0,23.0,Viet Nam,116.0,,,,,273.0,214.0,111.0,209.0,168.0,11.0,97.0,58.0,22.0,299.0,221.0,42.0,8.0,186.0,61.0,161.0,1016.0,782.0,360.0,1225.0,869.0,924.0,783.0,604.0,161.0,33.0,245.0,96.0,55.0,58.0,,9465,1.1%,18145.0,-48%,Russia (80),Israel (5.8),Belarus (3.2),Ukraine (2.8),Czechia (1.4),United States (1.3),South Korea (1.3),Soviet Union (1.2),Netherlands (0.9),North Korea (0.4),Spain (0.4),India (0.3),Canada (0.3),Poland (0.2),France (0.2),Slovakia (0.1),Indonesia (0.1),Germany (0.1),Romania (0.0),unknown supplier(s) (0.0)
27.0,8.0,Poland,228.0,76.0,100.0,4.0,74.0,250.0,102.0,1.0,3.0,25.0,148.0,33.0,256.0,347.0,223.0,105.0,442.0,969.0,650.0,199.0,175.0,142.0,227.0,146.0,275.0,127.0,47.0,128.0,52.0,208.0,153.0,68.0,409.0,1334.0,1448.0,,9172,1.0%,34622.0,-74%,United States (41),South Korea (16),Germany (11),Finland (6.2),Italy (5.8),Russia (3.9),Soviet Union (3.0),Norway (2.6),Spain (2.3),Sweden (2.1),Israel (1.5),United Kingdom (1.2),Czechia (1.1),France (0.8),Turkiye (0.6),Netherlands (0.4),Canada (0.3),Ukraine (0.1),Lithuania (0.0),Austria (0.0)
28.0,51.0,Thailand,235.0,575.0,429.0,182.0,608.0,530.0,741.0,910.0,62.0,160.0,80.0,116.0,152.0,131.0,138.0,115.0,99.0,8.0,16.0,63.0,60.0,251.0,276.0,377.0,105.0,183.0,342.0,321.0,636.0,294.0,141.0,151.0,251.0,291.0,73.0,,9104,1.0%,6229.0,46%,United States (31),China (22),Ukraine (5.7),Spain (5.6),South Korea (5.1),Sweden (5.1),Germany (4.8),Italy (4.2),France (4.1),United Kingdom (3.4),Israel (1.8),Czechia (1.8),Singapore (1.5),Netherlands (1.2),Russia (0.9),Switzerland (0.8),Austria (0.5),South Africa (0.5),Canada (0.4),Denmark (0.1)
29.0,27.0,Spain,691.0,109.0,207.0,299.0,838.0,355.0,424.0,211.0,86.0,361.0,320.0,144.0,271.0,249.0,298.0,358.0,312.0,343.0,347.0,228.0,272.0,166.0,219.0,155.0,108.0,152.0,104.0,82.0,149.0,35.0,70.0,134.0,198.0,178.0,148.0,,8620,1.0%,17369.0,-50%,United States (48),Germany (22),France (12),Italy (5.2),United Kingdom (4.6),Switzerland (3.2),Israel (2.1),Austria (0.7),Sweden (0.7),Norway (0.6),Canada (0.6),South Africa (0.2),Greece (0.2),Netherlands (0.1),Denmark (0.1),,,,,
30.0,5.0,Iran,448.0,992.0,404.0,957.0,451.0,289.0,608.0,172.0,374.0,321.0,417.0,528.0,435.0,283.0,117.0,53.0,418.0,325.0,57.0,92.0,87.0,89.0,39.0,14.0,14.0,11.0,413.0,3.0,3.0,3.0,2.0,,,21.0,42.0,,8482,0.9%,38410.0,-78%,Russia (47),China (25),Soviet Union (13),North Korea (6.2),Ukraine (3.7),Poland (3.1),Netherlands (0.7),Belarus (0.6),Brazil (0.5),Canada (0.1),Pakistan (0.1),France (0.0),,,,,,,,
31.0,17.0,Netherlands,273.0,322.0,237.0,140.0,205.0,84.0,203.0,126.0,269.0,278.0,123.0,164.0,247.0,128.0,130.0,86.0,304.0,221.0,146.0,262.0,188.0,126.0,205.0,505.0,8.0,58.0,73.0,33.0,140.0,494.0,575.0,512.0,733.0,372.0,360.0,,8329,0.9%,22242.0,-63%,United States (73),Germany (7.5),Sweden (4.8),Italy (3.4),Romania (2.8),France (2.6),United Kingdom (1.6),Israel (1.6),Finland (1.2),Canada (0.6),Australia (0.4),Norway (0.4),Denmark (0.1),Thailand (0.1),Switzerland (0.0),Hungary (0.0),UAE (0.0),,,
32.0,2.0,Germany,711.0,690.0,679.0,529.0,417.0,222.0,244.0,60.0,618.0,129.0,113.0,133.0,71.0,63.0,237.0,199.0,406.0,46.0,278.0,330.0,306.0,82.0,130.0,113.0,95.0,95.0,55.0,43.0,14.0,38.0,101.0,235.0,284.0,200.0,239.0,,8202,0.9%,49291.0,-83%,United States (75),Netherlands (10),Israel (3.2),France (3.0),United Kingdom (2.7),Sweden (2.2),Switzerland (1.7),Italy (1.4),Canada (0.4),Russia (0.3),Belgium (0.1),Poland (0.1),Croatia (0.0),Austria (0.0),,,,,,
33.0,41.0,Brazil,136.0,160.0,98.0,64.0,306.0,266.0,547.0,476.0,198.0,308.0,86.0,573.0,221.0,110.0,85.0,223.0,178.0,188.0,178.0,135.0,256.0,239.0,317.0,225.0,212.0,216.0,117.0,100.0,265.0,132.0,140.0,244.0,469.0,185.0,435.0,,8089,0.9%,9051.0,-11%,France (25),United Kingdom (17),United States (15),Germany (14),Italy (6.7),Sweden (5.7),Israel (4.1),Spain (2.3),Russia (2.3),Belgium (1.7),Canada (1.3),Kuwait (1.2),Switzerland (0.8),Singapore (0.8),Ireland (0.6),Denmark (0.2),South Africa (0.2),Austria (0.2),Jordan (0.2),Norway (0.1)
34.0,55.0,Chile,135.0,104.0,170.0,85.0,82.0,331.0,164.0,282.0,88.0,206.0,230.0,60.0,74.0,187.0,64.0,446.0,1097.0,659.0,395.0,329.0,474.0,326.0,61.0,55.0,135.0,135.0,70.0,49.0,74.0,16.0,304.0,66.0,207.0,9.0,14.0,,7181,0.8%,4795.0,50%,Netherlands (18),United Kingdom (15),United States (15),France (13),Germany (12),Spain (7.0),Israel (5.7),Australia (3.4),Belgium (3.1),Italy (2.5),Brazil (1.5),Switzerland (0.7),Norway (0.6),Canada (0.5),Sweden (0.5),Portugal (0.3),South Korea (0.2),Finland (0.2),New Zealand (0.2),South Africa (0.1)
35.0,54.0,Morocco,137.0,62.0,17.0,98.0,117.0,28.0,89.0,220.0,,60.0,127.0,11.0,155.0,12.0,14.0,101.0,47.0,27.0,46.0,39.0,335.0,1283.0,1005.0,62.0,572.0,47.0,287.0,605.0,462.0,48.0,16.0,51.0,509.0,472.0,23.0,,7180,0.8%,5658.0,27%,United States (46),France (28),Netherlands (7.2),China (6.9),Belarus (2.4),Russia (2.2),Israel (2.2),Italy (1.5),Spain (0.9),Turkiye (0.8),Belgium (0.8),Denmark (0.5),Germany (0.3),Ukraine (0.3),Switzerland (0.2),Saudi Arabia (0.2),Canada (0.2),United Kingdom (0.1),UAE (0.1),unknown supplier(s) (0.0)
36.0,42.0,Afghanistan,1690.0,1236.0,,,,,,,,,,,34.0,,,33.0,3.0,40.0,148.0,326.0,365.0,632.0,518.0,253.0,323.0,131.0,171.0,236.0,313.0,381.0,231.0,65.0,,,,,7130,0.8%,8679.0,-18%,United States (43),Soviet Union (41),Russia (8.8),Italy (2.2),Brazil (1.6),Czechia (0.9),Switzerland (0.5),Ukraine (0.2),unknown supplier(s) (0.2),Bosnia-Herzegovina (0.2),India (0.2),Belarus (0.2),Canada (0.2),Slovakia (0.2),United Kingdom (0.1),Turkiye (0.1),China (0.0),Norway (0.0),,
37.0,61.0,Malaysia,,33.0,13.0,13.0,308.0,828.0,32.0,553.0,39.0,721.0,26.0,26.0,153.0,190.0,69.0,58.0,184.0,498.0,493.0,1284.0,212.0,4.0,18.0,79.0,75.0,118.0,271.0,195.0,93.0,68.0,52.0,133.0,71.0,7.0,,,6917,0.8%,3871.0,79%,Russia (26),United Kingdom (16),United States (11),Italy (8.6),Spain (8.6),France (7.9),Germany (6.2),Turkiye (4.2),Poland (2.5),China (1.7),South Korea (1.6),South Africa (1.1),Indonesia (1.0),Norway (0.7),Switzerland (0.7),Brazil (0.5),Netherlands (0.5),Ukraine (0.4),Sweden (0.3),Pakistan (0.2)
38.0,92.0,Myanmar,278.0,239.0,31.0,331.0,97.0,224.0,115.0,231.0,156.0,141.0,16.0,153.0,156.0,100.0,192.0,179.0,206.0,153.0,80.0,65.0,62.0,668.0,398.0,250.0,110.0,257.0,281.0,207.0,200.0,204.0,217.0,67.0,229.0,128.0,222.0,,6643,0.7%,678.0,880%,China (54),Russia (33),India (3.4),Ukraine (1.8),South Korea (1.3),Poland (1.1),Serbia (1.1),Belarus (1.0),Israel (1.0),Yugoslavia (0.7),unknown supplier(s) (0.4),North Korea (0.4),France (0.3),Netherlands (0.3),Viet Nam (0.2),Germany (0.1),Denmark (0.1),Bulgaria (0.1),Switzerland (0.1),Austria (0.0)
39.0,65.0,Finland,88.0,65.0,442.0,406.0,234.0,195.0,552.0,397.0,560.0,768.0,472.0,7.0,15.0,242.0,67.0,93.0,132.0,140.0,134.0,37.0,44.0,60.0,87.0,254.0,182.0,268.0,112.0,47.0,82.0,86.0,114.0,38.0,30.0,37.0,64.0,,6549,0.7%,2853.0,130%,United States (47),France (13),Germany (8.2),Sweden (7.4),Russia (4.5),Italy (3.8),Netherlands (3.4),Norway (3.2),Israel (2.3),United Kingdom (2.3),Switzerland (1.2),South Korea (1.1),Soviet Union (0.9),South Africa (0.7),Spain (0.6),Denmark (0.2),Canada (0.1),,,
40.0,50.0,Venezuela,189.0,318.0,72.0,37.0,1.0,5.0,37.0,39.0,8.0,85.0,108.0,106.0,44.0,15.0,9.0,21.0,380.0,767.0,738.0,366.0,211.0,600.0,693.0,995.0,180.0,124.0,95.0,,14.0,,79.0,,,98.0,,,6432,0.7%,6468.0,-0.5%,Russia (61),China (10),France (6.1),Netherlands (6.1),Spain (5.9),United States (2.2),Italy (1.3),United Kingdom (1.2),Israel (1.1),Iran (1.1),Germany (1.0),Poland (1.0),South Korea (0.8),Sweden (0.7),Ukraine (0.3),Austria (0.1),Canada (0.0),unknown supplier(s) (0.0),,
41.0,77.0,Bangladesh,199.0,79.0,113.0,49.0,61.0,123.0,7.0,26.0,1.0,184.0,200.0,274.0,37.0,8.0,32.0,10.0,221.0,80.0,12.0,,36.0,117.0,183.0,648.0,207.0,640.0,451.0,334.0,161.0,716.0,70.0,55.0,323.0,69.0,75.0,,5801,0.6%,1381.0,320%,China (60),Russia (16),United States (4.3),South Korea (3.7),United Kingdom (3.2),Turkiye (2.7),Italy (1.9),Pakistan (1.6),Ukraine (1.5),Serbia (1.0),France (0.8),Germany (0.8),Czechia (0.7),Spain (0.4),Soviet Union (0.4),Netherlands (0.3),Egypt (0.3),Switzerland (0.2),unknown supplier(s) (0.2),Malaysia (0.2)
42.0,72.0,Oman,60.0,,,55.0,145.0,278.0,285.0,157.0,22.0,,121.0,33.0,40.0,37.0,49.0,178.0,296.0,12.0,72.0,95.0,31.0,21.0,127.0,492.0,719.0,152.0,422.0,757.0,282.0,88.0,85.0,4.0,5.0,4.0,,,5121,0.6%,2053.0,149%,United Kingdom (40),United States (28),France (10),Turkiye (3.9),Spain (3.7),Norway (2.9),Singapore (2.7),Netherlands (2.2),Switzerland (1.1),Italy (1.1),Australia (0.8),Qatar (0.8),Germany (0.7),South Africa (0.7),China (0.4),Canada (0.4),UAE (0.3),Denmark (0.2),Sweden (0.1),Egypt (0.1)
43.0,7.0,Syria,739.0,315.0,277.0,166.0,14.0,25.0,25.0,25.0,45.0,48.0,49.0,23.0,40.0,64.0,20.0,30.0,95.0,15.0,326.0,253.0,420.0,485.0,529.0,496.0,7.0,16.0,18.0,52.0,199.0,104.0,80.0,7.0,,,,,5006,0.6%,35478.0,-86%,Russia (50),Soviet Union (15),Czechoslovakia (9.6),Iran (8.4),North Korea (7.2),Belarus (3.9),Slovakia (2.9),China (1.5),Bulgaria (1.0),Pakistan (0.0),,,,,,,,,,
44.0,35.0,France,65.0,948.0,424.0,96.0,80.0,97.0,64.0,223.0,171.0,105.0,98.0,61.0,38.0,55.0,93.0,2.0,68.0,75.0,2.0,72.0,103.0,41.0,86.0,104.0,17.0,36.0,38.0,84.0,201.0,104.0,225.0,105.0,133.0,120.0,188.0,,4423,0.5%,12764.0,-65%,United States (51),United Kingdom (15),Italy (8.5),Spain (5.7),Brazil (4.2),Switzerland (3.2),Canada (2.5),Austria (2.5),Netherlands (1.7),Belgium (1.7),Germany (1.5),Sweden (1.0),Finland (0.7),DR Congo (0.5),Israel (0.4),Denmark (0.2),,,,
45.0,57.0,Portugal,70.0,1012.0,19.0,350.0,453.0,20.0,9.0,2.0,16.0,3.0,3.0,19.0,,29.0,70.0,158.0,220.0,60.0,145.0,371.0,891.0,170.0,42.0,11.0,3.0,1.0,21.0,8.0,19.0,44.0,45.0,6.0,,67.0,61.0,,4416,0.5%,4736.0,-6.8%,Germany (34),United States (33),Netherlands (13),Spain (5.1),Italy (4.6),Brazil (2.4),United Kingdom (2.2),Austria (1.9),Canada (1.4),Israel (0.9),Denmark (0.8),France (0.5),Finland (0.3),,,,,,,
46.0,47.0,Jordan,16.0,24.0,,1.0,5.0,19.0,75.0,77.0,248.0,63.0,139.0,160.0,132.0,281.0,169.0,79.0,52.0,183.0,160.0,233.0,90.0,214.0,175.0,75.0,197.0,231.0,243.0,363.0,170.0,213.0,157.0,67.0,41.0,16.0,24.0,,4394,0.5%,7425.0,-41%,United States (35),Netherlands (15),United Kingdom (13),Belgium (8.1),Russia (7.8),UAE (5.2),Germany (2.6),South Africa (2.5),Italy (1.8),China (1.7),Ukraine (1.7),Switzerland (1.4),Israel (1.1),Spain (0.9),France (0.6),Turkiye (0.5),Canada (0.3),Poland (0.1),South Korea (0.1),Austria (0.1)
47.0,,Azerbaijan,,,,50.0,25.0,,,,,,3.0,,89.0,,4.0,59.0,161.0,213.0,34.0,146.0,162.0,568.0,388.0,391.0,635.0,340.0,276.0,291.0,369.0,44.0,51.0,,20.0,3.0,28.0,,4348,0.5%,,,Russia (50),Israel (21),Ukraine (13),Belarus (7.7),Turkiye (3.8),Georgia (1.6),South Africa (1.0),Slovakia (0.6),Italy (0.4),Spain (0.3),Czechia (0.2),Bulgaria (0.2),United States (0.2),unknown supplier(s) (0.1),Pakistan (0.1),,,,,
48.0,48.0,Switzerland,438.0,474.0,386.0,102.0,118.0,93.0,187.0,377.0,431.0,502.0,18.0,63.0,60.0,117.0,203.0,168.0,83.0,108.0,15.0,36.0,42.0,28.0,6.0,2.0,5.0,10.0,71.0,1.0,,,,,15.0,33.0,,,4193,0.5%,7162.0,-41%,United States (50),Germany (23),United Kingdom (11),Sweden (7.1),France (4.8),Norway (3.3),Israel (0.6),Canada (0.1),,,,,,,,,,,,
49.0,45.0,South Africa,11.0,26.0,361.0,244.0,239.0,38.0,38.0,11.0,,21.0,6.0,18.0,,,,262.0,741.0,914.0,493.0,134.0,178.0,208.0,127.0,1.0,50.0,2.0,,,,,,,30.0,30.0,,,4184,0.5%,7803.0,-46%,Germany (44),Sweden (16),Israel (15),United Kingdom (6.6),France (3.9),Ukraine (3.3),United States (3.1),Switzerland (2.2),Italy (2.0),Netherlands (1.6),Russia (1.2),Canada (0.6),Spain (0.2),,,,,,,
50.0,33.0,Romania,599.0,65.0,187.0,14.0,29.0,2.0,39.0,61.0,170.0,142.0,21.0,24.0,21.0,17.0,285.0,432.0,64.0,101.0,80.0,59.0,107.0,80.0,21.0,20.0,0.0,22.0,177.0,88.0,35.0,13.0,168.0,143.0,186.0,344.0,278.0,,4095,0.5%,13672.0,-70%,United States (25),Soviet Union (13),United Kingdom (12),Switzerland (8.3),Israel (7.4),Portugal (7.0),Russia (5.7),Germany (5.5),Norway (4.2),Netherlands (3.1),Italy (2.9),France (2.7),Turkiye (0.7),Bulgaria (0.6),China (0.6),South Korea (0.3),Moldova (0.3),Canada (0.2),Spain (0.0),
51.0,68.0,Mexico,32.0,40.0,19.0,160.0,136.0,55.0,92.0,495.0,19.0,136.0,215.0,149.0,97.0,20.0,321.0,33.0,78.0,,23.0,59.0,109.0,225.0,260.0,52.0,89.0,322.0,327.0,215.0,16.0,,242.0,3.0,,4.0,46.0,,4090,0.5%,2159.0,89%,United States (47),Russia (12),Netherlands (7.8),Spain (7.8),Israel (5.9),France (5.6),Italy (2.3),Belgium (2.1),Canada (1.8),Sweden (1.5),Ukraine (1.5),UAE (1.2),Brazil (0.9),Germany (0.7),Switzerland (0.5),Finland (0.3),China (0.1),Colombia (0.1),Czechia (0.1),Qatar (0.1)
52.0,,Kazakhstan,,,,,,99.0,2.0,64.0,,72.0,121.0,139.0,22.0,,49.0,44.0,46.0,83.0,28.0,43.0,59.0,63.0,96.0,143.0,83.0,446.0,252.0,216.0,275.0,228.0,268.0,195.0,191.0,125.0,550.0,,4003,0.4%,,,Russia (86),Spain (4.6),Ukraine (2.3),Germany (1.3),Israel (1.2),United States (1.1),South Africa (1.0),Turkiye (0.9),France (0.6),South Korea (0.4),Canada (0.3),China (0.3),Czechia (0.1),unknown supplier(s) (0.1),,,,,,
53.0,49.0,Denmark,128.0,154.0,72.0,51.0,88.0,134.0,75.0,77.0,116.0,70.0,50.0,146.0,40.0,50.0,232.0,116.0,84.0,133.0,97.0,134.0,22.0,6.0,103.0,34.0,176.0,42.0,103.0,53.0,53.0,48.0,63.0,261.0,210.0,274.0,427.0,,3922,0.4%,7113.0,-45%,United States (50),Germany (15),Sweden (8.8),United Kingdom (6.0),Switzerland (5.2),Netherlands (4.4),France (4.3),Israel (2.0),Norway (1.8),Canada (1.5),Italy (0.6),Finland (0.0),Bahamas (0.0),unknown supplier(s) (0.0),,,,,,
54.0,43.0,Sweden,94.0,55.0,60.0,46.0,307.0,106.0,98.0,196.0,294.0,224.0,206.0,165.0,74.0,66.0,47.0,78.0,121.0,51.0,52.0,15.0,,185.0,202.0,54.0,43.0,24.0,70.0,32.0,7.0,7.0,3.0,122.0,318.0,98.0,66.0,,3582,0.4%,8279.0,-57%,United States (49),Germany (33),France (4.3),Finland (3.1),Italy (2.3),Canada (2.2),South Africa (1.6),Norway (1.5),United Kingdom (0.8),Poland (0.6),Israel (0.4),Estonia (0.2),Austria (0.2),Spain (0.2),Australia (0.2),Iceland (0.1),Switzerland (0.1),Netherlands (0.1),,
55.0,66.0,Colombia,13.0,72.0,36.0,68.0,42.0,35.0,49.0,193.0,160.0,44.0,68.0,268.0,173.0,145.0,18.0,18.0,54.0,237.0,110.0,263.0,259.0,145.0,212.0,174.0,167.0,193.0,18.0,91.0,16.0,22.0,80.0,45.0,50.0,3.0,19.0,,3560,0.4%,2766.0,29%,United States (55),Israel (11),Germany (8.3),Spain (6.3),Russia (5.1),Brazil (4.1),South Korea (3.6),Netherlands (2.2),Canada (1.4),France (1.0),Italy (0.8),Turkiye (0.4),United Kingdom (0.3),Finland (0.3),Argentina (0.2),Dominican Republic (0.1),Portugal (0.1),South Africa (0.0),unknown supplier(s) (0.0),
56.0,88.0,Bahrain,362.0,68.0,42.0,1.0,8.0,71.0,51.0,197.0,8.0,,299.0,28.0,54.0,1.0,10.0,66.0,63.0,27.0,21.0,,98.0,4.0,24.0,69.0,1.0,17.0,26.0,27.0,72.0,21.0,27.0,184.0,261.0,294.0,848.0,,3349,0.4%,927.0,261%,United States (88),United Kingdom (4.0),Turkiye (2.4),France (1.1),Russia (0.9),Italy (0.8),Belgium (0.6),Netherlands (0.6),UAE (0.4),Malta (0.3),China (0.1),Canada (0.1),Jordan (0.1),Germany (0.1),unknown supplier(s) (0.1),Oman (0.0),Pakistan (0.0),,,
57.0,37.0,Hungary,15.0,22.0,,928.0,2.0,1.0,156.0,99.0,88.0,152.0,14.0,14.0,,,72.0,13.0,253.0,196.0,5.0,4.0,18.0,8.0,,2.0,7.0,,14.0,5.0,27.0,16.0,55.0,19.0,39.0,245.0,604.0,,3091,0.3%,11473.0,-73%,Russia (42),Germany (20),Sweden (12),United States (8.0),France (4.0),Norway (3.4),Belarus (3.4),Italy (2.5),Brazil (1.7),Israel (1.4),Soviet Union (0.7),Turkiye (0.6),Finland (0.2),Ukraine (0.1),Romania (0.1),Czechia (0.1),,,,
58.0,38.0,Peru,104.0,108.0,130.0,43.0,175.0,47.0,121.0,373.0,51.0,94.0,18.0,10.0,16.0,22.0,47.0,368.0,193.0,172.0,,43.0,46.0,71.0,5.0,15.0,153.0,211.0,168.0,28.0,103.0,0.0,28.0,62.0,38.0,22.0,4.0,,3089,0.3%,9921.0,-69%,Italy (26),Russia (14),Belarus (12),South Korea (8.4),United States (8.2),Ukraine (5.0),Soviet Union (3.3),Netherlands (3.0),France (2.9),Nicaragua (2.9),Canada (1.6),Spain (1.5),New Zealand (1.2),South Africa (1.1),Cyprus (1.1),China (1.1),Germany (1.0),Bulgaria (0.9),Israel (0.9),Brazil (0.9)
59.0,70.0,Philippines,33.0,34.0,43.0,62.0,72.0,28.0,41.0,70.0,64.0,,,10.0,5.0,10.0,34.0,12.0,23.0,16.0,10.0,1.0,3.0,63.0,21.0,83.0,12.0,153.0,228.0,278.0,17.0,191.0,350.0,331.0,280.0,125.0,238.0,,2940,0.3%,2120.0,39%,United States (29),South Korea (27),Israel (15),Indonesia (6.0),United Kingdom (3.6),Italy (3.6),Spain (3.1),Turkiye (2.5),Germany (2.3),Brazil (1.2),Japan (1.1),Poland (1.0),Canada (0.7),Australia (0.6),Sweden (0.5),Thailand (0.5),France (0.5),Jordan (0.4),Belgium (0.4),Singapore (0.2)
60.0,32.0,Belgium,314.0,125.0,48.0,73.0,47.0,16.0,3.0,50.0,55.0,58.0,36.0,30.0,48.0,21.0,15.0,3.0,15.0,171.0,191.0,86.0,35.0,23.0,29.0,45.0,97.0,52.0,4.0,7.0,1.0,9.0,90.0,255.0,170.0,12.0,515.0,,2746,0.3%,13789.0,-80%,United States (43),Spain (19),Netherlands (9.9),Germany (7.4),France (7.2),Italy (4.5),Switzerland (2.6),Portugal (2.3),Singapore (1.7),Israel (1.3),Austria (0.7),Canada (0.7),United Kingdom (0.2),Sweden (0.2),,,,,,
61.0,75.0,New Zealand,23.0,42.0,54.0,36.0,16.0,7.0,7.0,309.0,15.0,305.0,,45.0,17.0,154.0,187.0,,6.0,81.0,3.0,56.0,78.0,28.0,30.0,26.0,84.0,89.0,,,6.0,3.0,146.0,36.0,171.0,405.0,200.0,,2664,0.3%,1860.0,40%,United States (45),Germany (19),Netherlands (6.3),Australia (5.4),Canada (4.8),Italy (4.6),United Kingdom (3.6),South Korea (3.6),France (2.9),Denmark (0.6),Israel (0.6),Sweden (0.6),Finland (0.2),Norway (0.1),unknown supplier(s) (0.1),,,,,
62.0,52.0,Angola,140.0,,,123.0,113.0,1.0,44.0,7.0,150.0,360.0,149.0,157.0,148.0,48.0,8.0,38.0,7.0,35.0,29.0,20.0,,,,31.0,2.0,51.0,154.0,112.0,273.0,170.0,51.0,,46.0,15.0,16.0,,2499,0.3%,6188.0,-60%,Russia (35),Belarus (12),Slovakia (8.1),Moldova (8.0),Ukraine (7.6),Soviet Union (5.1),Bulgaria (3.1),China (3.0),Lithuania (2.4),Spain (2.0),Brazil (1.9),France (1.7),Hungary (1.5),Israel (1.3),Italy (1.2),unknown supplier(s) (0.9),South Africa (0.8),Poland (0.7),Czechia (0.7),Peru (0.6)
63.0,,Yemen,78.0,113.0,,,4.0,167.0,,,1.0,52.0,158.0,70.0,585.0,58.0,248.0,311.0,38.0,66.0,41.0,5.0,261.0,47.0,38.0,23.0,6.0,33.0,7.0,6.0,9.0,,,,1.0,,,,2426,0.3%,,,Russia (48),Belarus (10.0),Soviet Union (7.9),Ukraine (7.4),China (6.0),Czechia (5.2),Italy (2.9),South Africa (2.4),North Korea (2.3),Australia (2.0),Poland (1.6),UAE (1.6),United States (1.5),Spain (0.4),Jordan (0.2),France (0.2),Saudi Arabia (0.2),unknown supplier(s) (0.1),,
64.0,73.0,Sudan,4.0,46.0,6.0,,,3.0,27.0,63.0,,36.0,,106.0,50.0,205.0,294.0,113.0,112.0,43.0,105.0,88.0,184.0,176.0,118.0,151.0,66.0,134.0,109.0,65.0,33.0,18.0,,,3.0,6.0,2.0,,2366,0.3%,2051.0,15%,Russia (43),China (27),Belarus (13),Ukraine (13),Iran (1.2),unknown supplier(s) (1.2),Poland (0.5),UAE (0.3),Slovakia (0.3),Armenia (0.2),Egypt (0.2),Kyrgyzstan (0.1),Serbia (0.0),,,,,,,
65.0,59.0,Nigeria,18.0,4.0,59.0,41.0,95.0,2.0,15.0,1.0,,,36.0,9.0,6.0,66.0,11.0,,16.0,62.0,33.0,65.0,223.0,63.0,28.0,30.0,232.0,188.0,61.0,41.0,49.0,18.0,85.0,283.0,54.0,93.0,67.0,,2050,0.2%,4233.0,-52%,China (27),Russia (14),United States (8.9),Italy (8.2),Brazil (5.3),United Kingdom (5.1),Ukraine (4.9),France (4.9),Turkiye (4.7),Pakistan (2.7),Netherlands (2.0),Czechia (1.5),Singapore (1.4),Serbia (1.2),Israel (1.1),Bulgaria (1.0),Germany (0.9),South Africa (0.9),Poland (0.8),UAE (0.7)
66.0,99.0,Sri Lanka,19.0,168.0,22.0,37.0,77.0,64.0,207.0,48.0,83.0,62.0,289.0,159.0,43.0,34.0,48.0,57.0,96.0,91.0,79.0,21.0,5.0,21.0,,22.0,5.0,,,45.0,100.0,59.0,,54.0,3.0,5.0,9.0,,2032,0.2%,445.0,356%,China (31),Israel (21),United States (11),Ukraine (11),Russia (9.6),India (6.6),United Kingdom (2.9),Czechia (2.3),France (0.9),Argentina (0.8),Czechoslovakia (0.7),Kazakhstan (0.6),Singapore (0.3),Australia (0.3),unknown supplier(s) (0.2),Pakistan (0.2),Slovakia (0.1),Belgium (0.1),Indonesia (0.0),
67.0,,Belarus,,,,,,,,,41.0,41.0,,,,,,6.0,140.0,,,3.0,,75.0,75.0,75.0,66.0,98.0,120.0,158.0,142.0,333.0,13.0,69.0,208.0,161.0,151.0,,1976,0.2%,,,Russia (98),Ukraine (2.2),China (0.2),Iran (0.1),,,,,,,,,,,,,,,,
68.0,53.0,Ethiopia,2.0,80.0,,,,,,69.0,208.0,152.0,114.0,,20.0,174.0,239.0,,,,,,58.0,76.0,193.0,154.0,33.0,10.0,55.0,51.0,12.0,74.0,25.0,16.0,45.0,2.0,48.0,,1909,0.2%,5796.0,-67%,Russia (46),Ukraine (25),China (7.6),Bulgaria (5.4),Soviet Union (4.3),Hungary (3.4),United States (2.9),Belarus (1.4),Kazakhstan (0.8),Turkiye (0.7),Czechia (0.7),Israel (0.6),Serbia (0.5),unknown supplier(s) (0.3),UAE (0.3),Bosnia-Herzegovina (0.2),Germany (0.2),France (0.1),,
69.0,39.0,Argentina,159.0,,27.0,,209.0,43.0,21.0,105.0,171.0,276.0,208.0,6.0,15.0,11.0,161.0,3.0,9.0,24.0,21.0,15.0,11.0,16.0,5.0,13.0,6.0,21.0,17.0,47.0,19.0,51.0,7.0,77.0,50.0,21.0,43.0,,1887,0.2%,9892.0,-81%,United States (45),Germany (31),France (9.6),Italy (2.6),Netherlands (2.5),Norway (1.6),Denmark (1.5),Spain (1.0),Canada (0.8),Russia (0.8),Israel (0.8),Ireland (0.7),Sweden (0.7),Switzerland (0.3),Austria (0.2),unknown supplier(s) (0.2),United Kingdom (0.1),Brazil (0.1),China (0.1),
70.0,,Russia,,,40.0,,,,,,,,,,,,,,,90.0,,8.0,25.0,10.0,121.0,184.0,207.0,113.0,127.0,94.0,62.0,5.0,1.0,6.0,75.0,219.0,467.0,,1852,0.2%,,,Ukraine (46),Iran (27),North Korea (14),Czechia (3.9),Italy (2.9),Poland (2.2),China (1.6),Germany (1.3),Turkiye (0.9),France (0.3),Israel (0.2),unknown supplier(s) (0.2),United States (0.2),,,,,,,
71.0,25.0,Bulgaria,755.0,339.0,42.0,1.0,1.0,1.0,122.0,,,7.0,,,,2.0,13.0,132.0,22.0,48.0,117.0,119.0,8.0,29.0,5.0,,,4.0,,,,2.0,44.0,1.0,3.0,,,,1815,0.2%,17823.0,-90%,Soviet Union (56),Belgium (17),Russia (9.1),France (5.6),Czechoslovakia (4.5),Italy (2.8),Netherlands (2.4),United States (1.1),Switzerland (0.7),Israel (0.2),UAE (0.1),Canada (0.1),Norway (0.1),Poland (0.1),Czechia (0.0),,,,,
72.0,56.0,NATO**,,,,,,,,,,18.0,,18.0,,,,,116.0,,,420.0,,,22.0,,,,12.0,25.0,21.0,70.0,465.0,240.0,240.0,,120.0,,1787,0.2%,4783.0,-63%,France (44),United States (34),United Kingdom (9.8),Russia (3.2),Ukraine (3.2),Germany (2.0),Spain (1.5),Czechia (1.3),Finland (1.2),,,,,,,,,,,
73.0,69.0,Austria,5.0,6.0,5.0,8.0,52.0,30.0,9.0,190.0,247.0,48.0,25.0,15.0,81.0,41.0,56.0,26.0,5.0,269.0,190.0,286.0,5.0,6.0,6.0,5.0,2.0,1.0,13.0,10.0,6.0,18.0,14.0,34.0,5.0,17.0,13.0,,1748,0.2%,2126.0,-18%,Germany (49),Netherlands (10),France (8.6),Italy (8.3),United States (8.1),United Kingdom (6.3),Sweden (4.9),Switzerland (2.9),Spain (0.6),Jordan (0.5),Norway (0.1),Belgium (0.1),,,,,,,,
74.0,20.0,North Korea,340.0,251.0,183.0,146.0,79.0,184.0,118.0,54.0,54.0,54.0,63.0,73.0,54.0,35.0,8.0,5.0,5.0,5.0,5.0,4.0,1.0,,,,,,,,,,,,,,,,1718,0.2%,19990.0,-91%,Russia (59),China (21),Soviet Union (20),Kazakhstan (0.4),,,,,,,,,,,,,,,,
75.0,,Turkmenistan,,,,,,,,,,,,,,18.0,21.0,,,,7.0,36.0,28.0,237.0,112.0,69.0,72.0,169.0,433.0,108.0,,,,382.0,,,,,1692,0.2%,,,Turkiye (34),Russia (22),China (15),Italy (12),Ukraine (6.2),Netherlands (2.8),France (2.2),Germany (1.4),Brazil (1.3),United States (1.2),Georgia (0.7),Belarus (0.3),UAE (0.2),Austria (0.2),Canada (0.1),Israel (0.1),Czechia (0.1),Serbia (0.1),,
76.0,,Czechia,,,,,,1.0,35.0,9.0,0.0,1.0,13.0,57.0,42.0,94.0,6.0,600.0,46.0,10.0,25.0,6.0,12.0,70.0,20.0,14.0,,0.0,,,7.0,1.0,8.0,32.0,69.0,148.0,50.0,,1377,0.2%,,,Sweden (29),Russia (19),United States (18),Italy (9.0),Israel (8.9),Spain (5.4),Poland (3.0),Austria (2.8),Germany (2.3),France (1.2),Canada (0.7),United Kingdom (0.4),Zimbabwe (0.3),unknown supplier(s) (0.1),Bulgaria (0.0),Ukraine (0.0),,,,
77.0,104.0,Cyprus,82.0,94.0,26.0,10.0,37.0,34.0,171.0,98.0,7.0,113.0,4.0,180.0,66.0,6.0,16.0,18.0,22.0,16.0,,,44.0,41.0,6.0,,,,,30.0,,19.0,30.0,11.0,,,115.0,,1294,0.1%,351.0,269%,Russia (54),France (17),Israel (11),Greece (6.9),Italy (4.5),Serbia (3.1),Slovakia (1.2),Switzerland (1.1),United States (1.0),Oman (0.5),Poland (0.2),Czechia (0.1),Canada (0.0),,,,,,,
78.0,,Serbia,,,4.0,2.0,2.0,8.0,1.0,14.0,7.0,1.0,1.0,27.0,,,,,,,1.0,,16.0,,0.0,,,,23.0,65.0,4.0,84.0,145.0,115.0,164.0,419.0,153.0,,1252,0.1%,,,China (45),Russia (29),France (5.9),Belarus (4.4),Cyprus (3.2),Ukraine (3.1),Germany (2.4),Spain (2.0),Montenegro (1.3),Hungary (0.9),Slovenia (0.7),Denmark (0.6),Kazakhstan (0.5),United States (0.4),Canada (0.2),Israel (0.0),,,,
79.0,100.0,Uganda,,,,,,32.0,,,55.0,39.0,6.0,,33.0,,36.0,10.0,5.0,0.0,14.0,28.0,37.0,468.0,213.0,20.0,2.0,7.0,1.0,22.0,10.0,23.0,76.0,8.0,65.0,16.0,,,1224,0.1%,396.0,209%,Russia (58),Ukraine (16),Belarus (7.3),Bulgaria (3.3),Poland (2.9),Israel (2.8),United States (2.3),South Africa (1.8),Czechia (1.6),Serbia (1.2),China (1.2),Libya (0.8),Turkiye (0.5),France (0.4),Austria (0.2),Germany (0.0),,,,
80.0,64.0,Ecuador,3.0,136.0,4.0,18.0,17.0,45.0,29.0,103.0,31.0,27.0,9.0,41.0,1.0,,,39.0,47.0,2.0,102.0,77.0,90.0,69.0,88.0,11.0,56.0,27.0,26.0,20.0,5.0,3.0,21.0,15.0,9.0,7.0,25.0,,1202,0.1%,3154.0,-62%,Spain (13),United States (12),United Kingdom (9.5),Chile (9.1),Brazil (8.2),South Africa (8.1),Israel (7.2),Russia (7.1),France (4.7),Venezuela (3.3),Germany (3.1),Netherlands (3.1),Ukraine (2.7),India (2.2),Canada (1.3),China (1.0),South Korea (1.0),Turkiye (0.8),Italy (0.6),unknown supplier(s) (0.6)
81.0,78.0,Tunisia,4.0,20.0,32.0,,35.0,56.0,68.0,41.0,18.0,12.0,,,44.0,1.0,,168.0,2.0,,3.0,,7.0,7.0,,40.0,49.0,7.0,39.0,98.0,181.0,15.0,16.0,19.0,33.0,33.0,78.0,,1125,0.1%,1368.0,-18%,United States (42),Germany (18),Netherlands (12),Turkiye (8.7),Czechia (7.6),Spain (4.6),China (2.4),Italy (1.8),France (1.2),Slovakia (1.1),Canada (0.4),Austria (0.3),UAE (0.2),,,,,,,
82.0,,Armenia,,,,2.0,181.0,47.0,68.0,,,2.0,,,,,118.0,,,1.0,,46.0,52.0,5.0,,16.0,,,110.0,18.0,,248.0,,32.0,29.0,7.0,21.0,,1004,0.1%,,,Russia (86),India (5.6),Slovakia (4.6),Jordan (2.1),Ukraine (1.1),France (0.4),China (0.2),Montenegro (0.2),Belarus (0.1),,,,,,,,,,,
83.0,,Lithuania,,,70.0,10.0,,5.0,15.0,,15.0,9.0,6.0,16.0,14.0,1.0,47.0,11.0,53.0,4.0,27.0,27.0,8.0,,0.0,73.0,10.0,14.0,34.0,7.0,8.0,38.0,119.0,109.0,75.0,111.0,51.0,,986,0.1%,,,Germany (26),United States (23),Israel (9.3),Norway (9.1),Russia (7.8),United Kingdom (7.4),Italy (4.9),Denmark (4.2),Sweden (2.5),Poland (2.3),Bulgaria (1.4),Czechia (1.0),France (1.0),Spain (0.7),,,,,,
84.0,,Slovakia,,,,146.0,29.0,208.0,29.0,,,,0.0,,29.0,,1.0,4.0,,0.0,0.0,10.0,9.0,,2.0,5.0,,,,47.0,34.0,15.0,25.0,1.0,3.0,30.0,298.0,,922,0.1%,,,Russia (48),United States (35),Germany (3.9),Italy (3.6),Israel (3.0),China (1.4),Ukraine (1.4),Czechia (1.3),Finland (1.1),Poland (0.4),South Africa (0.1),,,,,,,,,
85.0,,Georgia,,,,4.0,,,,4.0,28.0,23.0,6.0,85.0,,1.0,38.0,95.0,97.0,161.0,132.0,38.0,,2.0,,5.0,1.0,,,7.0,41.0,6.0,,,2.0,0.0,17.0,,795,0.1%,,,Ukraine (44),Czechia (19),Turkiye (9.8),Israel (6.4),Bulgaria (5.6),United States (4.5),France (4.4),Greece (3.2),Poland (1.1),Kazakhstan (0.8),Germany (0.6),Russia (0.5),Uzbekistan (0.5),,,,,,,
86.0,11.0,Soviet Union,655.0,132.0,,,,,,,,,,,,,,,,,,,,,,,,,,,,,,,,,,,787,0.1%,29178.0,-97%,Czechoslovakia (75),Poland (14),East Germany (GDR) (4.9),Bulgaria (4.6),Romania (1.1),,,,,,,,,,,,,,,
87.0,86.0,Lebanon,,,40.0,40.0,18.0,42.0,27.0,9.0,8.0,4.0,4.0,,,,,1.0,,5.0,1.0,52.0,64.0,1.0,31.0,27.0,6.0,48.0,28.0,50.0,53.0,56.0,45.0,43.0,30.0,14.0,9.0,,753,0.1%,1005.0,-25%,United States (66),Syria (11),Jordan (9.3),Brazil (4.4),UAE (3.9),France (3.0),Belgium (1.2),Italy (0.9),Canada (0.5),Germany (0.5),,,,,,,,,,
88.0,,Croatia,,1.0,29.0,29.0,53.0,1.0,12.0,45.0,,,,57.0,2.0,24.0,8.0,,,20.0,103.0,4.0,10.0,18.0,18.0,,27.0,11.0,20.0,13.0,3.0,5.0,,,29.0,89.0,90.0,,719,0.1%,,,France (25),United States (19),Russia (18),Finland (12),unknown supplier(s) (8.5),Switzerland (4.9),Germany (3.1),Kyrgyzstan (2.2),Poland (2.2),Sweden (1.4),Israel (1.2),Canada (0.8),Italy (0.8),Ukraine (0.7),Soviet Union (0.1),Czechia (0.1),,,,
89.0,,Eritrea,,,,21.0,20.0,7.0,43.0,53.0,212.0,31.0,20.0,57.0,18.0,17.0,80.0,99.0,,4.0,,,,,,,,,,,,,,,,,,,682,0.1%,,,Russia (60),Bulgaria (13),Italy (7.9),Ukraine (5.6),Belarus (4.5),Israel (3.1),Ethiopia (2.5),Finland (1.6),China (1.5),United Kingdom (0.4),Germany (0.3),,,,,,,,,
90.0,82.0,DR Congo,5.0,,2.0,,,0.0,61.0,6.0,10.0,46.0,89.0,11.0,18.0,,,26.0,24.0,,18.0,37.0,156.0,,15.0,1.0,,3.0,43.0,,1.0,,6.0,,,27.0,35.0,,640,0.1%,1191.0,-46%,Ukraine (40),Georgia (18),unknown supplier(s) (8.9),China (5.9),United States (5.7),Serbia (4.8),France (4.3),Ghana (3.0),Belgium (1.8),Libya (1.6),Turkiye (1.3),South Africa (1.3),Russia (1.1),UAE (0.8),Egypt (0.6),Bulgaria (0.4),Belarus (0.2),,,
91.0,83.0,Kenya,43.0,14.0,,,30.0,,,61.0,,,15.0,,,,,,,11.0,,34.0,96.0,35.0,68.0,1.0,17.0,30.0,32.0,17.0,6.0,18.0,71.0,4.0,1.0,,17.0,,619,0.1%,1111.0,-44%,Jordan (18),Spain (17),China (14),Italy (11),United States (9.2),Ukraine (5.5),Russia (4.7),Serbia (4.7),Canada (4.4),United Kingdom (3.7),Turkiye (2.3),South Africa (1.7),France (1.5),Germany (1.0),UAE (0.6),Montenegro (0.2),,,,
92.0,103.0,Brunei,4.0,4.0,,,,,17.0,31.0,7.0,4.0,,5.0,1.0,0.0,0.0,1.0,1.0,,,33.0,33.0,229.0,20.0,15.0,121.0,36.0,,,,,,0.0,,11.0,28.0,,602,0.1%,354.0,70%,Germany (53),United States (20),France (8.3),Spain (4.2),Denmark (3.2),Netherlands (3.2),Singapore (1.9),Sweden (1.7),Australia (1.6),Indonesia (1.5),Switzerland (0.8),Canada (0.7),,,,,,,,
93.0,109.0,Senegal,,,,,1.0,6.0,,,,,,,,,,16.0,15.0,12.0,6.0,6.0,4.0,16.0,,,9.0,24.0,40.0,48.0,15.0,40.0,22.0,21.0,28.0,172.0,77.0,,577,0.1%,268.0,115%,France (47),South Africa (7.8),China (7.6),Russia (5.8),Israel (5.3),Indonesia (5.2),Spain (5.0),Italy (3.2),Denmark (3.1),Turkiye (2.2),Slovakia (1.8),South Korea (1.3),Germany (1.2),Bulgaria (1.0),United States (1.0),Canada (0.8),unknown supplier(s) (0.6),Ukraine (0.5),Luxembourg (0.0),
94.0,85.0,Tanzania,,,18.0,,5.0,,4.0,,,,2.0,,1.0,51.0,,10.0,12.0,1.0,,29.0,,78.0,115.0,118.0,14.0,20.0,20.0,2.0,17.0,,8.0,52.0,,,,,575,0.1%,1069.0,-46%,China (81),France (8.4),Netherlands (4.1),Italy (3.5),United Kingdom (0.9),Ukraine (0.6),unknown supplier(s) (0.6),Poland (0.4),UAE (0.3),Jordan (0.1),South Africa (0.1),,,,,,,,,
95.0,,Uzbekistan,,,,,,,,,,,,8.0,9.0,,,,,,,,30.0,,,,18.0,100.0,55.0,5.0,114.0,77.0,46.0,60.0,22.0,17.0,,,562,0.1%,,,Russia (37),China (22),France (22),Spain (8.9),United States (6.6),Turkiye (3.0),Canada (1.1),,,,,,,,,,,,,
96.0,84.0,Cambodia,48.0,,,2.0,74.0,1.0,27.0,22.0,,,,,,,,,14.0,56.0,,4.0,34.0,,78.0,68.0,,,,,5.0,1.0,,35.0,32.0,54.0,,,553,0.1%,1085.0,-49%,China (43),Ukraine (18),Czechia (10),Soviet Union (8.6),Poland (5.4),Serbia (5.4),Viet Nam (2.5),Bulgaria (2.2),Slovakia (1.7),Russia (1.0),Canada (0.5),Italy (0.4),France (0.3),Seychelles (0.2),Qatar (0.1),Oman (0.1),unknown supplier(s) (0.0),,,
97.0,,Estonia,,,2.0,3.0,15.0,17.0,1.0,13.0,4.0,1.0,27.0,,2.0,14.0,11.0,26.0,4.0,18.0,28.0,42.0,13.0,1.0,2.0,18.0,2.0,18.0,32.0,36.0,19.0,20.0,25.0,20.0,18.0,25.0,63.0,,539,0.1%,,,Netherlands (19),Israel (12),Germany (11),France (10),United Kingdom (10),Sweden (8.6),South Korea (8.0),United States (5.8),Finland (4.7),Denmark (3.8),Poland (2.5),Czechia (2.2),Norway (1.4),Ukraine (0.7),unknown supplier(s) (0.4),Bulgaria (0.3),Belgium (0.2),,,
98.0,,Latvia,,,0.0,8.0,12.0,16.0,0.0,0.0,0.0,4.0,3.0,14.0,4.0,25.0,13.0,5.0,9.0,51.0,46.0,11.0,16.0,27.0,9.0,5.0,5.0,3.0,28.0,30.0,21.0,31.0,10.0,15.0,34.0,42.0,10.0,,505,0.1%,,,Netherlands (23),United States (21),Germany (10),Sweden (9.5),United Kingdom (8.2),Finland (6.8),Norway (4.8),Austria (4.7),Israel (3.4),Poland (2.1),Russia (1.9),Czechia (1.8),unknown supplier(s) (1.1),Italy (1.1),Denmark (0.3),,,,,
99.0,107.0,Ireland,,11.0,,,41.0,,,,3.0,33.0,0.0,42.0,21.0,,27.0,5.0,13.0,26.0,32.0,,4.0,,,,40.0,43.0,43.0,2.0,5.0,35.0,9.0,,1.0,63.0,,,498,0.1%,283.0,76%,United Kingdom (29),Spain (18),Switzerland (14),Canada (14),Italy (10),Netherlands (3.2),Finland (3.0),New Zealand (2.3),Germany (1.7),United States (1.6),Sweden (1.5),Israel (1.0),South Africa (0.8),Norway (0.4),France (0.0),,,,,
100.0,93.0,Uruguay,39.0,63.0,25.0,18.0,11.0,12.0,4.0,19.0,27.0,9.0,4.0,,13.0,,,20.0,8.0,3.0,78.0,29.0,20.0,,,3.0,9.0,13.0,,,10.0,,25.0,3.0,7.0,,10.0,,483,0.1%,569.0,-15%,Portugal (17),France (17),Germany (13),United States (11),Spain (10),Czechia (5.0),Canada (4.1),United Kingdom (3.6),Brazil (3.5),Israel (2.8),Sweden (1.8),Ecuador (1.7),Switzerland (1.6),Chile (1.5),Italy (1.5),Russia (1.4),Argentina (1.0),South Korea (1.0),unknown supplier(s) (0.6),Netherlands (0.6)
