,Rank 1990-2025,Rank 1954-1989,Recipient,1990,1991,1992,1993,1994,1995,1996,1997,1998,1999,2000,2001,2002,2003,2004,2005,2006,2007,2008,2009,2010,2011,2012,2013,2014,2015,2016,2017,2018,2019,2020,2021,2022,2023,2024,2025,1990-2025, Share of global arms imports,1954-1989 Total, Percentage change from 1954-1989 to 1990-2025,1,2,3,4,5,6,7,8,9,10,11,12,13,14,15,16,17,18,19,20,,,,,,,,,,,,,,,,,,,,,,,,,,,,,,,,,,,,,,,,,,,,,,,,,,,,,,,,,,,,,,,,
,1,1,India,2832,1873,1187,735,872,1396,831,1680,797,1227,987,1184,2001,2798,2242,1194,1479,2276,1624,1937,2891,3618,4494,5272,3201,2724,2558,2659,2011,3147,2646,3943,2629,1491,1168,,75603,8.4%,59543,27%,Russia (59),France (8.7),Israel (7.3),United States (6.8),Soviet Union (4.5),United Kingdom (4.1),Germany (2.0),Netherlands (1.8),Uzbekistan (1.3),Ukraine (1.0),South Korea (0.9),Poland (0.7),Italy (0.6),South Africa (0.3),Slovakia (0.3),Kyrgyzstan (0.2),Canada (0.2),Australia (0.1),Switzerland (0.1),Spain (0.1),,,,,,,,,,,,,,,,,,,,,,,,,,,,,,,,,,,,,,,,,,,,,,,,,,,,,,,,,,,,,,,,
,2,16,Saudi Arabia,2039,1038,1149,2354,981,984,1727,2791,2886,1580,105,60,560,160,1159,166,206,227,387,827,1108,1172,810,1631,2711,3384,2974,3968,3004,3069,2530,1690,3058,1296,1111,,54900,6.1%,22513,144%,United States (66),United Kingdom (15),France (8.0),Canada (2.2),Spain (2.0),Switzerland (1.4),Germany (1.3),China (0.8),Turkiye (0.7),Italy (0.7),Belgium (0.6),Sweden (0.3),Netherlands (0.2),Serbia (0.2),Ukraine (0.2),Brazil (0.1),South Africa (0.1),South Korea (0.1),Austria (0.0),Slovakia (0.0),,,,,,,,,,,,,,,,,,,,,,,,,,,,,,,,,,,,,,,,,,,,,,,,,,,,,,,,,,,,,,,,
,3,18,China,274,445,1190,1236,310,707,1501,939,373,1720,2472,2754,2819,2315,3227,3459,2823,1691,1773,1376,939,1032,1542,1221,1033,1196,1209,1537,2008,1323,775,686,646,431,72,,49057,5.4%,21923,124%,Russia (78),France (9.4),Ukraine (4.7),Switzerland (2.6),United Kingdom (2.5),Germany (0.8),Soviet Union (0.7),Israel (0.7),Belarus (0.3),Uzbekistan (0.2),United States (0.1),Japan (0.1),Italy (0.0),,,,,,,,,,,,,,,,,,,,,,,,,,,,,,,,,,,,,,,,,,,,,,,,,,,,,,,,,,,,,,,,,,,,,,,
,4,21,South Korea,1214,921,795,1024,1029,1965,1985,1230,1418,1636,1399,774,520,754,1055,803,1660,1730,1691,798,1299,1568,1077,189,742,268,1038,962,1030,1605,1273,812,423,218,1009,,37909,4.2%,19601,93%,United States (74),Germany (14),France (5.0),United Kingdom (2.4),Russia (1.3),Netherlands (1.1),Israel (0.9),Sweden (0.3),Italy (0.3),Spain (0.3),Indonesia (0.2),Canada (0.1),unknown supplier(s) (0.0),Austria (0.0),,,,,,,,,,,,,,,,,,,,,,,,,,,,,,,,,,,,,,,,,,,,,,,,,,,,,,,,,,,,,,,,,,,,,,
,5,14,Turkiye,1241,1270,1879,2329,1891,1567,1491,1512,2627,1734,1182,505,882,331,257,1080,529,701,649,731,467,754,1481,769,1525,443,326,427,486,767,107,282,186,679,381,,33465,3.7%,23954,40%,United States (53),Germany (18),Spain (5.7),Italy (4.7),South Korea (3.9),France (3.6),United Kingdom (3.0),Israel (2.7),Netherlands (1.9),Russia (1.7),Switzerland (1.0),China (0.9),Saudi Arabia (0.2),Norway (0.1),Canada (0.1),Pakistan (0.0),Denmark (0.0),,,,,,,,,,,,,,,,,,,,,,,,,,,,,,,,,,,,,,,,,,,,,,,,,,,,,,,,,,,,,,,,,,,
,6,6,Japan,2678,2940,2519,2130,1020,1246,867,834,1480,1248,488,418,433,452,390,369,463,553,990,990,658,300,239,342,316,343,332,446,764,992,929,1114,1571,957,977,,32790,3.6%,36892,-11%,United States (95),United Kingdom (2.3),Germany (0.9),France (0.8),Italy (0.6),Sweden (0.3),Norway (0.1),Switzerland (0.0),Australia (0.0),,,,,,,,,,,,,,,,,,,,,,,,,,,,,,,,,,,,,,,,,,,,,,,,,,,,,,,,,,,,,,,,,,,,,,,,,,,
,7,4,Egypt,563,887,973,1258,2027,1704,969,1051,483,517,833,824,717,631,648,809,695,660,326,95,689,653,308,719,430,1443,1653,2472,1629,1081,1401,1290,743,1151,72,,32404,3.6%,39145,-17%,United States (51),Russia (16),France (12),Germany (7.6),Italy (3.9),China (2.0),Netherlands (1.5),Czechia (1.0),UAE (1.0),Spain (0.9),Montenegro (0.6),United Kingdom (0.4),Finland (0.3),Austria (0.2),Ukraine (0.2),Jordan (0.2),South Korea (0.2),Slovakia (0.2),Canada (0.1),Brazil (0.1),,,,,,,,,,,,,,,,,,,,,,,,,,,,,,,,,,,,,,,,,,,,,,,,,,,,,,,,,,,,,,,,
,8,31,Pakistan,635,511,352,992,862,368,506,691,699,867,175,412,566,645,471,431,324,694,1073,1194,2226,1141,1020,1106,856,759,853,872,894,656,620,978,1540,2393,982,,29364,3.3%,14900,97%,China (55),United States (13),Ukraine (5.8),France (5.4),Italy (2.9),Russia (2.9),Sweden (2.5),Switzerland (2.3),United Kingdom (2.0),Turkiye (1.8),Netherlands (1.5),Libya (0.9),Germany (0.9),Australia (0.7),Jordan (0.5),Egypt (0.3),Thailand (0.3),Belgium (0.3),Lebanon (0.2),Belarus (0.1),,,,,,,,,,,,,,,,,,,,,,,,,,,,,,,,,,,,,,,,,,,,,,,,,,,,,,,,,,,,,,,,
,9,63,UAE,561,237,205,582,571,426,481,690,757,437,246,183,221,676,1145,2072,1925,821,730,604,646,1217,1139,2302,734,1182,941,820,1055,703,651,538,714,948,932,,28091,3.1%,3743,651%,United States (46),France (26),Russia (7.5),Netherlands (2.5),United Kingdom (2.5),Germany (2.4),Turkiye (2.1),Sweden (2.0),Italy (2.0),South Africa (1.4),Canada (1.0),South Korea (0.8),Israel (0.7),China (0.6),Switzerland (0.4),Australia (0.3),Romania (0.3),Indonesia (0.2),Spain (0.2),Libya (0.2),,,,,,,,,,,,,,,,,,,,,,,,,,,,,,,,,,,,,,,,,,,,,,,,,,,,,,,,,,,,,,,,
,10,26,Australia,356,219,364,448,262,64,597,35,542,678,326,1215,638,765,447,456,716,616,430,807,1558,1584,788,216,849,1448,1015,1664,1555,1157,1632,1215,815,379,983,,26838,3.0%,17517,53%,United States (61),Spain (10),Germany (8.4),Sweden (5.9),France (5.5),United Kingdom (2.8),Italy (2.0),Ireland (1.3),Switzerland (1.2),Israel (0.7),Canada (0.5),Norway (0.5),Netherlands (0.2),New Zealand (0.1),South Korea (0.1),China (0.0),Austria (0.0),,,,,,,,,,,,,,,,,,,,,,,,,,,,,,,,,,,,,,,,,,,,,,,,,,,,,,,,,,,,,,,,,,,
,11,24,Taiwan,466,651,475,1157,858,1318,1405,4746,3967,1736,592,342,291,112,316,695,503,13,11,36,71,173,411,614,1082,535,93,487,92,55,111,158,162,223,272,,24229,2.7%,18002,35%,United States (80),France (17),Germany (1.9),Netherlands (0.3),Canada (0.3),Israel (0.2),Singapore (0.1),Italy (0.1),United Kingdom (0.0),,,,,,,,,,,,,,,,,,,,,,,,,,,,,,,,,,,,,,,,,,,,,,,,,,,,,,,,,,,,,,,,,,,,,,,,,,,
,12,28,Greece,907,487,2146,892,1227,865,380,798,1718,837,714,794,409,2170,1098,406,719,1665,482,1228,630,70,19,28,204,728,302,51,39,93,92,231,441,404,623,,23896,2.7%,17034,40%,United States (45),Germany (25),France (12),Netherlands (6.4),Russia (4.6),United Kingdom (2.0),Italy (1.7),Sweden (1.1),Austria (0.4),Ukraine (0.3),Canada (0.3),Brazil (0.2),Denmark (0.2),Israel (0.1),Norway (0.1),,,,,,,,,,,,,,,,,,,,,,,,,,,,,,,,,,,,,,,,,,,,,,,,,,,,,,,,,,,,,,,,,,,,,
,13,15,United States,363,515,540,968,951,809,601,610,261,220,333,508,515,630,596,582,706,842,936,939,961,937,1142,767,560,474,439,496,363,890,798,907,733,792,1209,,23894,2.7%,22780,4.9%,United Kingdom (27),Germany (9.4),Canada (9.0),Israel (8.6),Switzerland (7.4),France (7.1),Italy (7.0),Netherlands (4.5),Japan (2.9),Australia (2.8),South Africa (2.2),Spain (2.1),Norway (1.9),Denmark (1.9),Sweden (1.7),Jordan (1.3),Moldova (0.9),Poland (0.7),Singapore (0.4),Czechia (0.4),,,,,,,,,,,,,,,,,,,,,,,,,,,,,,,,,,,,,,,,,,,,,,,,,,,,,,,,,,,,,,,,
,14,29,United Kingdom,120,940,1134,783,411,496,568,508,759,132,937,1287,721,776,215,31,375,840,575,381,462,357,555,509,217,424,288,1002,463,402,640,886,862,472,643,,20172,2.2%,16212,24%,United States (79),Germany (4.3),France (3.1),Netherlands (2.7),South Korea (2.7),Israel (2.4),Italy (1.3),Sweden (1.0),Brazil (0.8),Canada (0.7),Spain (0.6),Norway (0.4),Japan (0.4),Singapore (0.1),Finland (0.1),Belgium (0.1),South Africa (0.1),Moldova (0.1),Australia (0.0),Denmark (0.0),,,,,,,,,,,,,,,,,,,,,,,,,,,,,,,,,,,,,,,,,,,,,,,,,,,,,,,,,,,,,,,,
,15,34,Algeria,737,1039,23,22,197,311,83,37,98,370,405,539,252,204,251,159,340,507,1510,1063,831,1133,662,361,715,897,2916,1138,1289,167,598,162,418,393,128,,19955,2.2%,13538,47%,Russia (65),China (7.9),Soviet Union (7.8),Germany (4.9),Italy (2.6),Ukraine (2.1),United States (1.7),France (1.6),Belarus (1.6),United Kingdom (1.3),UAE (0.6),Czechia (0.6),Sweden (0.5),Spain (0.4),South Africa (0.3),Czechoslovakia (0.3),Egypt (0.3),Slovakia (0.2),Netherlands (0.2),Poland (0.1),,,,,,,,,,,,,,,,,,,,,,,,,,,,,,,,,,,,,,,,,,,,,,,,,,,,,,,,,,,,,,,,
,16,12,Israel,81,1210,1335,716,761,366,105,54,1286,1261,389,116,350,189,846,1107,1125,840,680,162,76,86,137,160,549,688,622,535,461,486,349,458,849,863,211,,19507,2.2%,26902,-27%,United States (83),Germany (16),Italy (1.4),France (0.1),Aruba (0.1),Canada (0.1),,,,,,,,,,,,,,,,,,,,,,,,,,,,,,,,,,,,,,,,,,,,,,,,,,,,,,,,,,,,,,,,,,,,,,,,,,,,,,
,17,58,Singapore,513,370,111,170,179,302,165,619,804,308,788,248,234,85,380,544,81,402,1115,1415,936,876,749,756,68,153,637,404,547,472,160,210,499,483,348,,16132,1.8%,4387,268%,United States (48),France (20),Germany (12),Israel (6.1),Sweden (5.5),Italy (2.5),United Kingdom (1.9),Netherlands (1.7),Switzerland (1.2),Australia (0.5),South Africa (0.5),Jordan (0.2),Russia (0.2),Canada (0.1),,,,,,,,,,,,,,,,,,,,,,,,,,,,,,,,,,,,,,,,,,,,,,,,,,,,,,,,,,,,,,,,,,,,,,
,18,79,Qatar,5,17,62,10,9,10,204,238,302,61,3,,,,,,,27,,286,30,190,335,82,55,490,596,291,637,2292,1175,2082,3373,2000,1152,,16014,1.8%,1350,1086%,United States (46),France (21),Italy (13),United Kingdom (10),Germany (3.5),Turkiye (2.3),Switzerland (0.8),China (0.7),Netherlands (0.4),Russia (0.2),Ukraine (0.2),Belgium (0.2),Brazil (0.1),Canada (0.1),Norway (0.1),South Africa (0.1),Finland (0.0),Pakistan (0.0),,,,,,,,,,,,,,,,,,,,,,,,,,,,,,,,,,,,,,,,,,,,,,,,,,,,,,,,,,,,,,,,,,
,19,,Ukraine,,,,,,,,,,,,,,,,,,,,,,,,,1,22,5,4,67,31,18,44,2930,4291,5230,,12643,1.4%,,,United States (45),Germany (12),Poland (11),United Kingdom (4.2),France (3.2),Czechia (3.1),Canada (2.1),Norway (1.9),Turkiye (1.9),Slovakia (1.8),Jordan (1.7),Denmark (1.5),Netherlands (1.4),Italy (1.3),Romania (1.0),Sweden (0.9),Croatia (0.8),Morocco (0.7),Spain (0.7),North Macedonia (0.7),,,,,,,,,,,,,,,,,,,,,,,,,,,,,,,,,,,,,,,,,,,,,,,,,,,,,,,,,,,,,,,,
,20,60,Kuwait,326,515,896,694,36,637,1191,482,46,198,226,67,22,42,2,12,5,288,5,8,87,116,31,73,701,317,159,114,96,55,67,889,2245,497,503,,11647,1.3%,4101,184%,United States (66),Italy (11),France (6.2),Yugoslavia (4.3),Russia (4.0),United Kingdom (2.6),Soviet Union (1.6),Switzerland (1.5),China (0.8),Austria (0.4),UAE (0.3),Australia (0.3),Germany (0.3),Egypt (0.1),Turkiye (0.1),Belgium (0.1),Singapore (0.1),,,,,,,,,,,,,,,,,,,,,,,,,,,,,,,,,,,,,,,,,,,,,,,,,,,,,,,,,,,,,,,,,,,
,21,40,Indonesia,202,11,51,210,472,284,378,101,85,161,160,22,75,353,84,33,63,578,240,445,224,258,216,830,1197,438,351,1100,357,239,282,366,86,390,186,,10526,1.2%,9641,9%,Germany (16),United States (15),South Korea (13),United Kingdom (13),Russia (11),Netherlands (10),France (7.5),China (3.3),Spain (1.7),Switzerland (1.7),Australia (1.5),Brazil (1.3),Italy (0.9),Belgium (0.7),Denmark (0.5),Czechia (0.5),Ukraine (0.4),Sweden (0.3),Turkiye (0.3),Canada (0.3),,,,,,,,,,,,,,,,,,,,,,,,,,,,,,,,,,,,,,,,,,,,,,,,,,,,,,,,,,,,,,,,
,22,22,Canada,157,767,407,196,473,405,419,353,111,144,530,520,419,141,341,106,97,478,423,104,242,356,207,202,316,408,246,354,185,187,248,346,203,76,149,,10316,1.1%,19498,-47%,United States (55),United Kingdom (15),Switzerland (5.8),Netherlands (5.8),Australia (3.3),Spain (3.2),Germany (2.5),Italy (1.9),Israel (1.7),Sweden (1.5),France (1.1),UAE (0.9),Belgium (0.9),Greece (0.3),unknown supplier(s) (0.2),Kyrgyzstan (0.1),South Africa (0.1),Denmark (0.0),,,,,,,,,,,,,,,,,,,,,,,,,,,,,,,,,,,,,,,,,,,,,,,,,,,,,,,,,,,,,,,,,,
,23,3,Iraq,818,,,,,,,,,,,,,,73,193,308,299,379,418,480,622,520,373,629,1485,1831,945,455,144,5,,55,29,23,,10084,1.1%,44433,-77%,United States (48),Russia (23),Soviet Union (5.9),South Korea (4.3),Ukraine (3.3),Italy (2.2),France (2.2),Czechia (1.9),Bulgaria (1.6),China (1.1),Germany (1.0),Poland (0.9),Hungary (0.9),Jordan (0.8),Turkiye (0.7),Iran (0.4),Belarus (0.4),Greece (0.4),Spain (0.3),South Africa (0.3),,,,,,,,,,,,,,,,,,,,,,,,,,,,,,,,,,,,,,,,,,,,,,,,,,,,,,,,,,,,,,,,
,24,19,Italy,153,202,184,201,195,327,280,519,56,25,278,241,245,580,452,143,384,467,159,94,98,286,189,71,127,237,734,709,275,178,201,211,237,485,432,,9654,1.1%,21102,-54%,United States (64),Germany (17),United Kingdom (10.0),Israel (3.7),France (3.6),Sweden (0.5),Finland (0.3),Netherlands (0.3),Canada (0.1),,,,,,,,,,,,,,,,,,,,,,,,,,,,,,,,,,,,,,,,,,,,,,,,,,,,,,,,,,,,,,,,,,,,,,,,,,,
,25,44,Norway,435,321,253,180,93,77,151,158,152,150,229,99,90,9,6,14,557,596,603,571,150,607,147,51,16,143,142,353,520,394,435,522,700,200,349,,9474,1.1%,8198,16%,United States (49),Spain (24),Germany (8.9),Sweden (6.8),France (3.2),Italy (2.3),South Korea (2.3),United Kingdom (2.3),Netherlands (1.2),Finland (0.4),South Africa (0.3),Poland (0.1),,,,,,,,,,,,,,,,,,,,,,,,,,,,,,,,,,,,,,,,,,,,,,,,,,,,,,,,,,,,,,,,,,,,,,,,
,26,23,Viet Nam,116,,,,,273,214,111,209,168,11,97,58,22,299,221,42,8,186,61,161,1016,782,360,1225,869,924,783,604,161,33,245,96,55,58,,9465,1.1%,18145,-48%,Russia (80),Israel (5.8),Belarus (3.2),Ukraine (2.8),Czechia (1.4),United States (1.3),South Korea (1.3),Soviet Union (1.2),Netherlands (0.9),North Korea (0.4),Spain (0.4),India (0.3),Canada (0.3),Poland (0.2),France (0.2),Slovakia (0.1),Indonesia (0.1),Germany (0.1),Romania (0.0),unknown supplier(s) (0.0),,,,,,,,,,,,,,,,,,,,,,,,,,,,,,,,,,,,,,,,,,,,,,,,,,,,,,,,,,,,,,,,
,27,8,Poland,228,76,100,4,74,250,102,1,3,25,148,33,256,347,223,105,442,969,650,199,175,142,227,146,275,127,47,128,52,208,153,68,409,1334,1448,,9172,1.0%,34622,-74%,United States (41),South Korea (16),Germany (11),Finland (6.2),Italy (5.8),Russia (3.9),Soviet Union (3.0),Norway (2.6),Spain (2.3),Sweden (2.1),Israel (1.5),United Kingdom (1.2),Czechia (1.1),France (0.8),Turkiye (0.6),Netherlands (0.4),Canada (0.3),Ukraine (0.1),Lithuania (0.0),Austria (0.0),,,,,,,,,,,,,,,,,,,,,,,,,,,,,,,,,,,,,,,,,,,,,,,,,,,,,,,,,,,,,,,,
,28,51,Thailand,235,575,429,182,608,530,741,910,62,160,80,116,152,131,138,115,99,8,16,63,60,251,276,377,105,183,342,321,636,294,141,151,251,291,73,,9104,1.0%,6229,46%,United States (31),China (22),Ukraine (5.7),Spain (5.6),South Korea (5.1),Sweden (5.1),Germany (4.8),Italy (4.2),France (4.1),United Kingdom (3.4),Israel (1.8),Czechia (1.8),Singapore (1.5),Netherlands (1.2),Russia (0.9),Switzerland (0.8),Austria (0.5),South Africa (0.5),Canada (0.4),Denmark (0.1),,,,,,,,,,,,,,,,,,,,,,,,,,,,,,,,,,,,,,,,,,,,,,,,,,,,,,,,,,,,,,,,
,29,27,Spain,691,109,207,299,838,355,424,211,86,361,320,144,271,249,298,358,312,343,347,228,272,166,219,155,108,152,104,82,149,35,70,134,198,178,148,,8620,1.0%,17369,-50%,United States (48),Germany (22),France (12),Italy (5.2),United Kingdom (4.6),Switzerland (3.2),Israel (2.1),Austria (0.7),Sweden (0.7),Norway (0.6),Canada (0.6),South Africa (0.2),Greece (0.2),Netherlands (0.1),Denmark (0.1),,,,,,,,,,,,,,,,,,,,,,,,,,,,,,,,,,,,,,,,,,,,,,,,,,,,,,,,,,,,,,,,,,,,,
,30,5,Iran,448,992,404,957,451,289,608,172,374,321,417,528,435,283,117,53,418,325,57,92,87,89,39,14,14,11,413,3,3,3,2,,,21,42,,8482,0.9%,38410,-78%,Russia (47),China (25),Soviet Union (13),North Korea (6.2),Ukraine (3.7),Poland (3.1),Netherlands (0.7),Belarus (0.6),Brazil (0.5),Canada (0.1),Pakistan (0.1),France (0.0),,,,,,,,,,,,,,,,,,,,,,,,,,,,,,,,,,,,,,,,,,,,,,,,,,,,,,,,,,,,,,,,,,,,,,,,
,31,17,Netherlands,273,322,237,140,205,84,203,126,269,278,123,164,247,128,130,86,304,221,146,262,188,126,205,505,8,58,73,33,140,494,575,512,733,372,360,,8329,0.9%,22242,-63%,United States (73),Germany (7.5),Sweden (4.8),Italy (3.4),Romania (2.8),France (2.6),United Kingdom (1.6),Israel (1.6),Finland (1.2),Canada (0.6),Australia (0.4),Norway (0.4),Denmark (0.1),Thailand (0.1),Switzerland (0.0),Hungary (0.0),UAE (0.0),,,,,,,,,,,,,,,,,,,,,,,,,,,,,,,,,,,,,,,,,,,,,,,,,,,,,,,,,,,,,,,,,,,
,32,2,Germany,711,690,679,529,417,222,244,60,618,129,113,133,71,63,237,199,406,46,278,330,306,82,130,113,95,95,55,43,14,38,101,235,284,200,239,,8202,0.9%,49291,-83%,United States (75),Netherlands (10),Israel (3.2),France (3.0),United Kingdom (2.7),Sweden (2.2),Switzerland (1.7),Italy (1.4),Canada (0.4),Russia (0.3),Belgium (0.1),Poland (0.1),Croatia (0.0),Austria (0.0),,,,,,,,,,,,,,,,,,,,,,,,,,,,,,,,,,,,,,,,,,,,,,,,,,,,,,,,,,,,,,,,,,,,,,
,33,41,Brazil,136,160,98,64,306,266,547,476,198,308,86,573,221,110,85,223,178,188,178,135,256,239,317,225,212,216,117,100,265,132,140,244,469,185,435,,8089,0.9%,9051,-11%,France (25),United Kingdom (17),United States (15),Germany (14),Italy (6.7),Sweden (5.7),Israel (4.1),Spain (2.3),Russia (2.3),Belgium (1.7),Canada (1.3),Kuwait (1.2),Switzerland (0.8),Singapore (0.8),Ireland (0.6),Denmark (0.2),South Africa (0.2),Austria (0.2),Jordan (0.2),Norway (0.1),,,,,,,,,,,,,,,,,,,,,,,,,,,,,,,,,,,,,,,,,,,,,,,,,,,,,,,,,,,,,,,,
,34,55,Chile,135,104,170,85,82,331,164,282,88,206,230,60,74,187,64,446,1097,659,395,329,474,326,61,55,135,135,70,49,74,16,304,66,207,9,14,,7181,0.8%,4795,50%,Netherlands (18),United Kingdom (15),United States (15),France (13),Germany (12),Spain (7.0),Israel (5.7),Australia (3.4),Belgium (3.1),Italy (2.5),Brazil (1.5),Switzerland (0.7),Norway (0.6),Canada (0.5),Sweden (0.5),Portugal (0.3),South Korea (0.2),Finland (0.2),New Zealand (0.2),South Africa (0.1),,,,,,,,,,,,,,,,,,,,,,,,,,,,,,,,,,,,,,,,,,,,,,,,,,,,,,,,,,,,,,,,
,35,54,Morocco,137,62,17,98,117,28,89,220,,60,127,11,155,12,14,101,47,27,46,39,335,1283,1005,62,572,47,287,605,462,48,16,51,509,472,23,,7180,0.8%,5658,27%,United States (46),France (28),Netherlands (7.2),China (6.9),Belarus (2.4),Russia (2.2),Israel (2.2),Italy (1.5),Spain (0.9),Turkiye (0.8),Belgium (0.8),Denmark (0.5),Germany (0.3),Ukraine (0.3),Switzerland (0.2),Saudi Arabia (0.2),Canada (0.2),United Kingdom (0.1),UAE (0.1),unknown supplier(s) (0.0),,,,,,,,,,,,,,,,,,,,,,,,,,,,,,,,,,,,,,,,,,,,,,,,,,,,,,,,,,,,,,,,
,36,42,Afghanistan,1690,1236,,,,,,,,,,,34,,,33,3,40,148,326,365,632,518,253,323,131,171,236,313,381,231,65,,,,,7130,0.8%,8679,-18%,United States (43),Soviet Union (41),Russia (8.8),Italy (2.2),Brazil (1.6),Czechia (0.9),Switzerland (0.5),Ukraine (0.2),unknown supplier(s) (0.2),Bosnia-Herzegovina (0.2),India (0.2),Belarus (0.2),Canada (0.2),Slovakia (0.2),United Kingdom (0.1),Turkiye (0.1),China (0.0),Norway (0.0),,,,,,,,,,,,,,,,,,,,,,,,,,,,,,,,,,,,,,,,,,,,,,,,,,,,,,,,,,,,,,,,,,
,37,61,Malaysia,,33,13,13,308,828,32,553,39,721,26,26,153,190,69,58,184,498,493,1284,212,4,18,79,75,118,271,195,93,68,52,133,71,7,,,6917,0.8%,3871,79%,Russia (26),United Kingdom (16),United States (11),Italy (8.6),Spain (8.6),France (7.9),Germany (6.2),Turkiye (4.2),Poland (2.5),China (1.7),South Korea (1.6),South Africa (1.1),Indonesia (1.0),Norway (0.7),Switzerland (0.7),Brazil (0.5),Netherlands (0.5),Ukraine (0.4),Sweden (0.3),Pakistan (0.2),,,,,,,,,,,,,,,,,,,,,,,,,,,,,,,,,,,,,,,,,,,,,,,,,,,,,,,,,,,,,,,,
,38,92,Myanmar,278,239,31,331,97,224,115,231,156,141,16,153,156,100,192,179,206,153,80,65,62,668,398,250,110,257,281,207,200,204,217,67,229,128,222,,6643,0.7%,678,880%,China (54),Russia (33),India (3.4),Ukraine (1.8),South Korea (1.3),Poland (1.1),Serbia (1.1),Belarus (1.0),Israel (1.0),Yugoslavia (0.7),unknown supplier(s) (0.4),North Korea (0.4),France (0.3),Netherlands (0.3),Viet Nam (0.2),Germany (0.1),Denmark (0.1),Bulgaria (0.1),Switzerland (0.1),Austria (0.0),,,,,,,,,,,,,,,,,,,,,,,,,,,,,,,,,,,,,,,,,,,,,,,,,,,,,,,,,,,,,,,,
,39,65,Finland,88,65,442,406,234,195,552,397,560,768,472,7,15,242,67,93,132,140,134,37,44,60,87,254,182,268,112,47,82,86,114,38,30,37,64,,6549,0.7%,2853,130%,United States (47),France (13),Germany (8.2),Sweden (7.4),Russia (4.5),Italy (3.8),Netherlands (3.4),Norway (3.2),Israel (2.3),United Kingdom (2.3),Switzerland (1.2),South Korea (1.1),Soviet Union (0.9),South Africa (0.7),Spain (0.6),Denmark (0.2),Canada (0.1),,,,,,,,,,,,,,,,,,,,,,,,,,,,,,,,,,,,,,,,,,,,,,,,,,,,,,,,,,,,,,,,,,,
,40,50,Venezuela,189,318,72,37,1,5,37,39,8,85,108,106,44,15,9,21,380,767,738,366,211,600,693,995,180,124,95,,14,,79,,,98,,,6432,0.7%,6468,-0.5%,Russia (61),China (10),France (6.1),Netherlands (6.1),Spain (5.9),United States (2.2),Italy (1.3),United Kingdom (1.2),Israel (1.1),Iran (1.1),Germany (1.0),Poland (1.0),South Korea (0.8),Sweden (0.7),Ukraine (0.3),Austria (0.1),Canada (0.0),unknown supplier(s) (0.0),,,,,,,,,,,,,,,,,,,,,,,,,,,,,,,,,,,,,,,,,,,,,,,,,,,,,,,,,,,,,,,,,,
,41,77,Bangladesh,199,79,113,49,61,123,7,26,1,184,200,274,37,8,32,10,221,80,12,,36,117,183,648,207,640,451,334,161,716,70,55,323,69,75,,5801,0.6%,1381,320%,China (60),Russia (16),United States (4.3),South Korea (3.7),United Kingdom (3.2),Turkiye (2.7),Italy (1.9),Pakistan (1.6),Ukraine (1.5),Serbia (1.0),France (0.8),Germany (0.8),Czechia (0.7),Spain (0.4),Soviet Union (0.4),Netherlands (0.3),Egypt (0.3),Switzerland (0.2),unknown supplier(s) (0.2),Malaysia (0.2),,,,,,,,,,,,,,,,,,,,,,,,,,,,,,,,,,,,,,,,,,,,,,,,,,,,,,,,,,,,,,,,
,42,72,Oman,60,,,55,145,278,285,157,22,,121,33,40,37,49,178,296,12,72,95,31,21,127,492,719,152,422,757,282,88,85,4,5,4,,,5121,0.6%,2053,149%,United Kingdom (40),United States (28),France (10),Turkiye (3.9),Spain (3.7),Norway (2.9),Singapore (2.7),Netherlands (2.2),Switzerland (1.1),Italy (1.1),Australia (0.8),Qatar (0.8),Germany (0.7),South Africa (0.7),China (0.4),Canada (0.4),UAE (0.3),Denmark (0.2),Sweden (0.1),Egypt (0.1),,,,,,,,,,,,,,,,,,,,,,,,,,,,,,,,,,,,,,,,,,,,,,,,,,,,,,,,,,,,,,,,
,43,7,Syria,739,315,277,166,14,25,25,25,45,48,49,23,40,64,20,30,95,15,326,253,420,485,529,496,7,16,18,52,199,104,80,7,,,,,5006,0.6%,35478,-86%,Russia (50),Soviet Union (15),Czechoslovakia (9.6),Iran (8.4),North Korea (7.2),Belarus (3.9),Slovakia (2.9),China (1.5),Bulgaria (1.0),Pakistan (0.0),,,,,,,,,,,,,,,,,,,,,,,,,,,,,,,,,,,,,,,,,,,,,,,,,,,,,,,,,,,,,,,,,,,,,,,,,,
,44,35,France,65,948,424,96,80,97,64,223,171,105,98,61,38,55,93,2,68,75,2,72,103,41,86,104,17,36,38,84,201,104,225,105,133,120,188,,4423,0.5%,12764,-65%,United States (51),United Kingdom (15),Italy (8.5),Spain (5.7),Brazil (4.2),Switzerland (3.2),Canada (2.5),Austria (2.5),Netherlands (1.7),Belgium (1.7),Germany (1.5),Sweden (1.0),Finland (0.7),DR Congo (0.5),Israel (0.4),Denmark (0.2),,,,,,,,,,,,,,,,,,,,,,,,,,,,,,,,,,,,,,,,,,,,,,,,,,,,,,,,,,,,,,,,,,,,
,45,57,Portugal,70,1012,19,350,453,20,9,2,16,3,3,19,,29,70,158,220,60,145,371,891,170,42,11,3,1,21,8,19,44,45,6,,67,61,,4416,0.5%,4736,-6.8%,Germany (34),United States (33),Netherlands (13),Spain (5.1),Italy (4.6),Brazil (2.4),United Kingdom (2.2),Austria (1.9),Canada (1.4),Israel (0.9),Denmark (0.8),France (0.5),Finland (0.3),,,,,,,,,,,,,,,,,,,,,,,,,,,,,,,,,,,,,,,,,,,,,,,,,,,,,,,,,,,,,,,,,,,,,,,
,46,47,Jordan,16,24,,1,5,19,75,77,248,63,139,160,132,281,169,79,52,183,160,233,90,214,175,75,197,231,243,363,170,213,157,67,41,16,24,,4394,0.5%,7425,-41%,United States (35),Netherlands (15),United Kingdom (13),Belgium (8.1),Russia (7.8),UAE (5.2),Germany (2.6),South Africa (2.5),Italy (1.8),China (1.7),Ukraine (1.7),Switzerland (1.4),Israel (1.1),Spain (0.9),France (0.6),Turkiye (0.5),Canada (0.3),Poland (0.1),South Korea (0.1),Austria (0.1),,,,,,,,,,,,,,,,,,,,,,,,,,,,,,,,,,,,,,,,,,,,,,,,,,,,,,,,,,,,,,,,
,47,,Azerbaijan,,,,50,25,,,,,,3,,89,,4,59,161,213,34,146,162,568,388,391,635,340,276,291,369,44,51,,20,3,28,,4348,0.5%,,,Russia (50),Israel (21),Ukraine (13),Belarus (7.7),Turkiye (3.8),Georgia (1.6),South Africa (1.0),Slovakia (0.6),Italy (0.4),Spain (0.3),Czechia (0.2),Bulgaria (0.2),United States (0.2),unknown supplier(s) (0.1),Pakistan (0.1),,,,,,,,,,,,,,,,,,,,,,,,,,,,,,,,,,,,,,,,,,,,,,,,,,,,,,,,,,,,,,,,,,,,,
,48,48,Switzerland,438,474,386,102,118,93,187,377,431,502,18,63,60,117,203,168,83,108,15,36,42,28,6,2,5,10,71,1,,,,,15,33,,,4193,0.5%,7162,-41%,United States (50),Germany (23),United Kingdom (11),Sweden (7.1),France (4.8),Norway (3.3),Israel (0.6),Canada (0.1),,,,,,,,,,,,,,,,,,,,,,,,,,,,,,,,,,,,,,,,,,,,,,,,,,,,,,,,,,,,,,,,,,,,,,,,,,,,
,49,45,South Africa,11,26,361,244,239,38,38,11,,21,6,18,,,,262,741,914,493,134,178,208,127,1,50,2,,,,,,,30,30,,,4184,0.5%,7803,-46%,Germany (44),Sweden (16),Israel (15),United Kingdom (6.6),France (3.9),Ukraine (3.3),United States (3.1),Switzerland (2.2),Italy (2.0),Netherlands (1.6),Russia (1.2),Canada (0.6),Spain (0.2),,,,,,,,,,,,,,,,,,,,,,,,,,,,,,,,,,,,,,,,,,,,,,,,,,,,,,,,,,,,,,,,,,,,,,,
,50,33,Romania,599,65,187,14,29,2,39,61,170,142,21,24,21,17,285,432,64,101,80,59,107,80,21,20,0,22,177,88,35,13,168,143,186,344,278,,4095,0.5%,13672,-70%,United States (25),Soviet Union (13),United Kingdom (12),Switzerland (8.3),Israel (7.4),Portugal (7.0),Russia (5.7),Germany (5.5),Norway (4.2),Netherlands (3.1),Italy (2.9),France (2.7),Turkiye (0.7),Bulgaria (0.6),China (0.6),South Korea (0.3),Moldova (0.3),Canada (0.2),Spain (0.0),,,,,,,,,,,,,,,,,,,,,,,,,,,,,,,,,,,,,,,,,,,,,,,,,,,,,,,,,,,,,,,,,
,51,68,Mexico,32,40,19,160,136,55,92,495,19,136,215,149,97,20,321,33,78,,23,59,109,225,260,52,89,322,327,215,16,,242,3,,4,46,,4090,0.5%,2159,89%,United States (47),Russia (12),Netherlands (7.8),Spain (7.8),Israel (5.9),France (5.6),Italy (2.3),Belgium (2.1),Canada (1.8),Sweden (1.5),Ukraine (1.5),UAE (1.2),Brazil (0.9),Germany (0.7),Switzerland (0.5),Finland (0.3),China (0.1),Colombia (0.1),Czechia (0.1),Qatar (0.1),,,,,,,,,,,,,,,,,,,,,,,,,,,,,,,,,,,,,,,,,,,,,,,,,,,,,,,,,,,,,,,,
,52,,Kazakhstan,,,,,,99,2,64,,72,121,139,22,,49,44,46,83,28,43,59,63,96,143,83,446,252,216,275,228,268,195,191,125,550,,4003,0.4%,,,Russia (86),Spain (4.6),Ukraine (2.3),Germany (1.3),Israel (1.2),United States (1.1),South Africa (1.0),Turkiye (0.9),France (0.6),South Korea (0.4),Canada (0.3),China (0.3),Czechia (0.1),unknown supplier(s) (0.1),,,,,,,,,,,,,,,,,,,,,,,,,,,,,,,,,,,,,,,,,,,,,,,,,,,,,,,,,,,,,,,,,,,,,,
,53,49,Denmark,128,154,72,51,88,134,75,77,116,70,50,146,40,50,232,116,84,133,97,134,22,6,103,34,176,42,103,53,53,48,63,261,210,274,427,,3922,0.4%,7113,-45%,United States (50),Germany (15),Sweden (8.8),United Kingdom (6.0),Switzerland (5.2),Netherlands (4.4),France (4.3),Israel (2.0),Norway (1.8),Canada (1.5),Italy (0.6),Finland (0.0),Bahamas (0.0),unknown supplier(s) (0.0),,,,,,,,,,,,,,,,,,,,,,,,,,,,,,,,,,,,,,,,,,,,,,,,,,,,,,,,,,,,,,,,,,,,,,
,54,43,Sweden,94,55,60,46,307,106,98,196,294,224,206,165,74,66,47,78,121,51,52,15,,185,202,54,43,24,70,32,7,7,3,122,318,98,66,,3582,0.4%,8279,-57%,United States (49),Germany (33),France (4.3),Finland (3.1),Italy (2.3),Canada (2.2),South Africa (1.6),Norway (1.5),United Kingdom (0.8),Poland (0.6),Israel (0.4),Estonia (0.2),Austria (0.2),Spain (0.2),Australia (0.2),Iceland (0.1),Switzerland (0.1),Netherlands (0.1),,,,,,,,,,,,,,,,,,,,,,,,,,,,,,,,,,,,,,,,,,,,,,,,,,,,,,,,,,,,,,,,,,
,55,66,Colombia,13,72,36,68,42,35,49,193,160,44,68,268,173,145,18,18,54,237,110,263,259,145,212,174,167,193,18,91,16,22,80,45,50,3,19,,3560,0.4%,2766,29%,United States (55),Israel (11),Germany (8.3),Spain (6.3),Russia (5.1),Brazil (4.1),South Korea (3.6),Netherlands (2.2),Canada (1.4),France (1.0),Italy (0.8),Turkiye (0.4),United Kingdom (0.3),Finland (0.3),Argentina (0.2),Dominican Republic (0.1),Portugal (0.1),South Africa (0.0),unknown supplier(s) (0.0),,,,,,,,,,,,,,,,,,,,,,,,,,,,,,,,,,,,,,,,,,,,,,,,,,,,,,,,,,,,,,,,,
,56,88,Bahrain,362,68,42,1,8,71,51,197,8,,299,28,54,1,10,66,63,27,21,,98,4,24,69,1,17,26,27,72,21,27,184,261,294,848,,3349,0.4%,927,261%,United States (88),United Kingdom (4.0),Turkiye (2.4),France (1.1),Russia (0.9),Italy (0.8),Belgium (0.6),Netherlands (0.6),UAE (0.4),Malta (0.3),China (0.1),Canada (0.1),Jordan (0.1),Germany (0.1),unknown supplier(s) (0.1),Oman (0.0),Pakistan (0.0),,,,,,,,,,,,,,,,,,,,,,,,,,,,,,,,,,,,,,,,,,,,,,,,,,,,,,,,,,,,,,,,,,,
,57,37,Hungary,15,22,,928,2,1,156,99,88,152,14,14,,,72,13,253,196,5,4,18,8,,2,7,,14,5,27,16,55,19,39,245,604,,3091,0.3%,11473,-73%,Russia (42),Germany (20),Sweden (12),United States (8.0),France (4.0),Norway (3.4),Belarus (3.4),Italy (2.5),Brazil (1.7),Israel (1.4),Soviet Union (0.7),Turkiye (0.6),Finland (0.2),Ukraine (0.1),Romania (0.1),Czechia (0.1),,,,,,,,,,,,,,,,,,,,,,,,,,,,,,,,,,,,,,,,,,,,,,,,,,,,,,,,,,,,,,,,,,,,
,58,38,Peru,104,108,130,43,175,47,121,373,51,94,18,10,16,22,47,368,193,172,,43,46,71,5,15,153,211,168,28,103,0,28,62,38,22,4,,3089,0.3%,9921,-69%,Italy (26),Russia (14),Belarus (12),South Korea (8.4),United States (8.2),Ukraine (5.0),Soviet Union (3.3),Netherlands (3.0),France (2.9),Nicaragua (2.9),Canada (1.6),Spain (1.5),New Zealand (1.2),South Africa (1.1),Cyprus (1.1),China (1.1),Germany (1.0),Bulgaria (0.9),Israel (0.9),Brazil (0.9),,,,,,,,,,,,,,,,,,,,,,,,,,,,,,,,,,,,,,,,,,,,,,,,,,,,,,,,,,,,,,,,
,59,70,Philippines,33,34,43,62,72,28,41,70,64,,,10,5,10,34,12,23,16,10,1,3,63,21,83,12,153,228,278,17,191,350,331,280,125,238,,2940,0.3%,2120,39%,United States (29),South Korea (27),Israel (15),Indonesia (6.0),United Kingdom (3.6),Italy (3.6),Spain (3.1),Turkiye (2.5),Germany (2.3),Brazil (1.2),Japan (1.1),Poland (1.0),Canada (0.7),Australia (0.6),Sweden (0.5),Thailand (0.5),France (0.5),Jordan (0.4),Belgium (0.4),Singapore (0.2),,,,,,,,,,,,,,,,,,,,,,,,,,,,,,,,,,,,,,,,,,,,,,,,,,,,,,,,,,,,,,,,
,60,32,Belgium,314,125,48,73,47,16,3,50,55,58,36,30,48,21,15,3,15,171,191,86,35,23,29,45,97,52,4,7,1,9,90,255,170,12,515,,2746,0.3%,13789,-80%,United States (43),Spain (19),Netherlands (9.9),Germany (7.4),France (7.2),Italy (4.5),Switzerland (2.6),Portugal (2.3),Singapore (1.7),Israel (1.3),Austria (0.7),Canada (0.7),United Kingdom (0.2),Sweden (0.2),,,,,,,,,,,,,,,,,,,,,,,,,,,,,,,,,,,,,,,,,,,,,,,,,,,,,,,,,,,,,,,,,,,,,,
,61,75,New Zealand,23,42,54,36,16,7,7,309,15,305,,45,17,154,187,,6,81,3,56,78,28,30,26,84,89,,,6,3,146,36,171,405,200,,2664,0.3%,1860,40%,United States (45),Germany (19),Netherlands (6.3),Australia (5.4),Canada (4.8),Italy (4.6),United Kingdom (3.6),South Korea (3.6),France (2.9),Denmark (0.6),Israel (0.6),Sweden (0.6),Finland (0.2),Norway (0.1),unknown supplier(s) (0.1),,,,,,,,,,,,,,,,,,,,,,,,,,,,,,,,,,,,,,,,,,,,,,,,,,,,,,,,,,,,,,,,,,,,,
,62,52,Angola,140,,,123,113,1,44,7,150,360,149,157,148,48,8,38,7,35,29,20,,,,31,2,51,154,112,273,170,51,,46,15,16,,2499,0.3%,6188,-60%,Russia (35),Belarus (12),Slovakia (8.1),Moldova (8.0),Ukraine (7.6),Soviet Union (5.1),Bulgaria (3.1),China (3.0),Lithuania (2.4),Spain (2.0),Brazil (1.9),France (1.7),Hungary (1.5),Israel (1.3),Italy (1.2),unknown supplier(s) (0.9),South Africa (0.8),Poland (0.7),Czechia (0.7),Peru (0.6),,,,,,,,,,,,,,,,,,,,,,,,,,,,,,,,,,,,,,,,,,,,,,,,,,,,,,,,,,,,,,,,
,63,,Yemen,78,113,,,4,167,,,1,52,158,70,585,58,248,311,38,66,41,5,261,47,38,23,6,33,7,6,9,,,,1,,,,2426,0.3%,,,Russia (48),Belarus (10.0),Soviet Union (7.9),Ukraine (7.4),China (6.0),Czechia (5.2),Italy (2.9),South Africa (2.4),North Korea (2.3),Australia (2.0),Poland (1.6),UAE (1.6),United States (1.5),Spain (0.4),Jordan (0.2),France (0.2),Saudi Arabia (0.2),unknown supplier(s) (0.1),,,,,,,,,,,,,,,,,,,,,,,,,,,,,,,,,,,,,,,,,,,,,,,,,,,,,,,,,,,,,,,,,,
,64,73,Sudan,4,46,6,,,3,27,63,,36,,106,50,205,294,113,112,43,105,88,184,176,118,151,66,134,109,65,33,18,,,3,6,2,,2366,0.3%,2051,15%,Russia (43),China (27),Belarus (13),Ukraine (13),Iran (1.2),unknown supplier(s) (1.2),Poland (0.5),UAE (0.3),Slovakia (0.3),Armenia (0.2),Egypt (0.2),Kyrgyzstan (0.1),Serbia (0.0),,,,,,,,,,,,,,,,,,,,,,,,,,,,,,,,,,,,,,,,,,,,,,,,,,,,,,,,,,,,,,,,,,,,,,,
,65,59,Nigeria,18,4,59,41,95,2,15,1,,,36,9,6,66,11,,16,62,33,65,223,63,28,30,232,188,61,41,49,18,85,283,54,93,67,,2050,0.2%,4233,-52%,China (27),Russia (14),United States (8.9),Italy (8.2),Brazil (5.3),United Kingdom (5.1),Ukraine (4.9),France (4.9),Turkiye (4.7),Pakistan (2.7),Netherlands (2.0),Czechia (1.5),Singapore (1.4),Serbia (1.2),Israel (1.1),Bulgaria (1.0),Germany (0.9),South Africa (0.9),Poland (0.8),UAE (0.7),,,,,,,,,,,,,,,,,,,,,,,,,,,,,,,,,,,,,,,,,,,,,,,,,,,,,,,,,,,,,,,,
,66,99,Sri Lanka,19,168,22,37,77,64,207,48,83,62,289,159,43,34,48,57,96,91,79,21,5,21,,22,5,,,45,100,59,,54,3,5,9,,2032,0.2%,445,356%,China (31),Israel (21),United States (11),Ukraine (11),Russia (9.6),India (6.6),United Kingdom (2.9),Czechia (2.3),France (0.9),Argentina (0.8),Czechoslovakia (0.7),Kazakhstan (0.6),Singapore (0.3),Australia (0.3),unknown supplier(s) (0.2),Pakistan (0.2),Slovakia (0.1),Belgium (0.1),Indonesia (0.0),,,,,,,,,,,,,,,,,,,,,,,,,,,,,,,,,,,,,,,,,,,,,,,,,,,,,,,,,,,,,,,,,
,67,,Belarus,,,,,,,,,41,41,,,,,,6,140,,,3,,75,75,75,66,98,120,158,142,333,13,69,208,161,151,,1976,0.2%,,,Russia (98),Ukraine (2.2),China (0.2),Iran (0.1),,,,,,,,,,,,,,,,,,,,,,,,,,,,,,,,,,,,,,,,,,,,,,,,,,,,,,,,,,,,,,,,,,,,,,,,,,,,,,,,
,68,53,Ethiopia,2,80,,,,,,69,208,152,114,,20,174,239,,,,,,58,76,193,154,33,10,55,51,12,74,25,16,45,2,48,,1909,0.2%,5796,-67%,Russia (46),Ukraine (25),China (7.6),Bulgaria (5.4),Soviet Union (4.3),Hungary (3.4),United States (2.9),Belarus (1.4),Kazakhstan (0.8),Turkiye (0.7),Czechia (0.7),Israel (0.6),Serbia (0.5),unknown supplier(s) (0.3),UAE (0.3),Bosnia-Herzegovina (0.2),Germany (0.2),France (0.1),,,,,,,,,,,,,,,,,,,,,,,,,,,,,,,,,,,,,,,,,,,,,,,,,,,,,,,,,,,,,,,,,,
,69,39,Argentina,159,,27,,209,43,21,105,171,276,208,6,15,11,161,3,9,24,21,15,11,16,5,13,6,21,17,47,19,51,7,77,50,21,43,,1887,0.2%,9892,-81%,United States (45),Germany (31),France (9.6),Italy (2.6),Netherlands (2.5),Norway (1.6),Denmark (1.5),Spain (1.0),Canada (0.8),Russia (0.8),Israel (0.8),Ireland (0.7),Sweden (0.7),Switzerland (0.3),Austria (0.2),unknown supplier(s) (0.2),United Kingdom (0.1),Brazil (0.1),China (0.1),,,,,,,,,,,,,,,,,,,,,,,,,,,,,,,,,,,,,,,,,,,,,,,,,,,,,,,,,,,,,,,,,
,70,,Russia,,,40,,,,,,,,,,,,,,,90,,8,25,10,121,184,207,113,127,94,62,5,1,6,75,219,467,,1852,0.2%,,,Ukraine (46),Iran (27),North Korea (14),Czechia (3.9),Italy (2.9),Poland (2.2),China (1.6),Germany (1.3),Turkiye (0.9),France (0.3),Israel (0.2),unknown supplier(s) (0.2),United States (0.2),,,,,,,,,,,,,,,,,,,,,,,,,,,,,,,,,,,,,,,,,,,,,,,,,,,,,,,,,,,,,,,,,,,,,,,
,71,25,Bulgaria,755,339,42,1,1,1,122,,,7,,,,2,13,132,22,48,117,119,8,29,5,,,4,,,,2,44,1,3,,,,1815,0.2%,17823,-90%,Soviet Union (56),Belgium (17),Russia (9.1),France (5.6),Czechoslovakia (4.5),Italy (2.8),Netherlands (2.4),United States (1.1),Switzerland (0.7),Israel (0.2),UAE (0.1),Canada (0.1),Norway (0.1),Poland (0.1),Czechia (0.0),,,,,,,,,,,,,,,,,,,,,,,,,,,,,,,,,,,,,,,,,,,,,,,,,,,,,,,,,,,,,,,,,,,,,
,72,56,NATO**,,,,,,,,,,18,,18,,,,,116,,,420,,,22,,,,12,25,21,70,465,240,240,,120,,1787,0.2%,4783,-63%,France (44),United States (34),United Kingdom (9.8),Russia (3.2),Ukraine (3.2),Germany (2.0),Spain (1.5),Czechia (1.3),Finland (1.2),,,,,,,,,,,,,,,,,,,,,,,,,,,,,,,,,,,,,,,,,,,,,,,,,,,,,,,,,,,,,,,,,,,,,,,,,,,
,73,69,Austria,5,6,5,8,52,30,9,190,247,48,25,15,81,41,56,26,5,269,190,286,5,6,6,5,2,1,13,10,6,18,14,34,5,17,13,,1748,0.2%,2126,-18%,Germany (49),Netherlands (10),France (8.6),Italy (8.3),United States (8.1),United Kingdom (6.3),Sweden (4.9),Switzerland (2.9),Spain (0.6),Jordan (0.5),Norway (0.1),Belgium (0.1),,,,,,,,,,,,,,,,,,,,,,,,,,,,,,,,,,,,,,,,,,,,,,,,,,,,,,,,,,,,,,,,,,,,,,,,
,74,20,North Korea,340,251,183,146,79,184,118,54,54,54,63,73,54,35,8,5,5,5,5,4,1,,,,,,,,,,,,,,,,1718,0.2%,19990,-91%,Russia (59),China (21),Soviet Union (20),Kazakhstan (0.4),,,,,,,,,,,,,,,,,,,,,,,,,,,,,,,,,,,,,,,,,,,,,,,,,,,,,,,,,,,,,,,,,,,,,,,,,,,,,,,,
,75,,Turkmenistan,,,,,,,,,,,,,,18,21,,,,7,36,28,237,112,69,72,169,433,108,,,,382,,,,,1692,0.2%,,,Turkiye (34),Russia (22),China (15),Italy (12),Ukraine (6.2),Netherlands (2.8),France (2.2),Germany (1.4),Brazil (1.3),United States (1.2),Georgia (0.7),Belarus (0.3),UAE (0.2),Austria (0.2),Canada (0.1),Israel (0.1),Czechia (0.1),Serbia (0.1),,,,,,,,,,,,,,,,,,,,,,,,,,,,,,,,,,,,,,,,,,,,,,,,,,,,,,,,,,,,,,,,,,
,76,,Czechia,,,,,,1,35,9,0,1,13,57,42,94,6,600,46,10,25,6,12,70,20,14,,0,,,7,1,8,32,69,148,50,,1377,0.2%,,,Sweden (29),Russia (19),United States (18),Italy (9.0),Israel (8.9),Spain (5.4),Poland (3.0),Austria (2.8),Germany (2.3),France (1.2),Canada (0.7),United Kingdom (0.4),Zimbabwe (0.3),unknown supplier(s) (0.1),Bulgaria (0.0),Ukraine (0.0),,,,,,,,,,,,,,,,,,,,,,,,,,,,,,,,,,,,,,,,,,,,,,,,,,,,,,,,,,,,,,,,,,,,
,77,104,Cyprus,82,94,26,10,37,34,171,98,7,113,4,180,66,6,16,18,22,16,,,44,41,6,,,,,30,,19,30,11,,,115,,1294,0.1%,351,269%,Russia (54),France (17),Israel (11),Greece (6.9),Italy (4.5),Serbia (3.1),Slovakia (1.2),Switzerland (1.1),United States (1.0),Oman (0.5),Poland (0.2),Czechia (0.1),Canada (0.0),,,,,,,,,,,,,,,,,,,,,,,,,,,,,,,,,,,,,,,,,,,,,,,,,,,,,,,,,,,,,,,,,,,,,,,
,78,,Serbia,,,4,2,2,8,1,14,7,1,1,27,,,,,,,1,,16,,0,,,,23,65,4,84,145,115,164,419,153,,1252,0.1%,,,China (45),Russia (29),France (5.9),Belarus (4.4),Cyprus (3.2),Ukraine (3.1),Germany (2.4),Spain (2.0),Montenegro (1.3),Hungary (0.9),Slovenia (0.7),Denmark (0.6),Kazakhstan (0.5),United States (0.4),Canada (0.2),Israel (0.0),,,,,,,,,,,,,,,,,,,,,,,,,,,,,,,,,,,,,,,,,,,,,,,,,,,,,,,,,,,,,,,,,,,,
,79,100,Uganda,,,,,,32,,,55,39,6,,33,,36,10,5,0,14,28,37,468,213,20,2,7,1,22,10,23,76,8,65,16,,,1224,0.1%,396,209%,Russia (58),Ukraine (16),Belarus (7.3),Bulgaria (3.3),Poland (2.9),Israel (2.8),United States (2.3),South Africa (1.8),Czechia (1.6),Serbia (1.2),China (1.2),Libya (0.8),Turkiye (0.5),France (0.4),Austria (0.2),Germany (0.0),,,,,,,,,,,,,,,,,,,,,,,,,,,,,,,,,,,,,,,,,,,,,,,,,,,,,,,,,,,,,,,,,,,,
,80,64,Ecuador,3,136,4,18,17,45,29,103,31,27,9,41,1,,,39,47,2,102,77,90,69,88,11,56,27,26,20,5,3,21,15,9,7,25,,1202,0.1%,3154,-62%,Spain (13),United States (12),United Kingdom (9.5),Chile (9.1),Brazil (8.2),South Africa (8.1),Israel (7.2),Russia (7.1),France (4.7),Venezuela (3.3),Germany (3.1),Netherlands (3.1),Ukraine (2.7),India (2.2),Canada (1.3),China (1.0),South Korea (1.0),Turkiye (0.8),Italy (0.6),unknown supplier(s) (0.6),,,,,,,,,,,,,,,,,,,,,,,,,,,,,,,,,,,,,,,,,,,,,,,,,,,,,,,,,,,,,,,,
,81,78,Tunisia,4,20,32,,35,56,68,41,18,12,,,44,1,,168,2,,3,,7,7,,40,49,7,39,98,181,15,16,19,33,33,78,,1125,0.1%,1368,-18%,United States (42),Germany (18),Netherlands (12),Turkiye (8.7),Czechia (7.6),Spain (4.6),China (2.4),Italy (1.8),France (1.2),Slovakia (1.1),Canada (0.4),Austria (0.3),UAE (0.2),,,,,,,,,,,,,,,,,,,,,,,,,,,,,,,,,,,,,,,,,,,,,,,,,,,,,,,,,,,,,,,,,,,,,,,
,82,,Armenia,,,,2,181,47,68,,,2,,,,,118,,,1,,46,52,5,,16,,,110,18,,248,,32,29,7,21,,1004,0.1%,,,Russia (86),India (5.6),Slovakia (4.6),Jordan (2.1),Ukraine (1.1),France (0.4),China (0.2),Montenegro (0.2),Belarus (0.1),,,,,,,,,,,,,,,,,,,,,,,,,,,,,,,,,,,,,,,,,,,,,,,,,,,,,,,,,,,,,,,,,,,,,,,,,,,
,83,,Lithuania,,,70,10,,5,15,,15,9,6,16,14,1,47,11,53,4,27,27,8,,0,73,10,14,34,7,8,38,119,109,75,111,51,,986,0.1%,,,Germany (26),United States (23),Israel (9.3),Norway (9.1),Russia (7.8),United Kingdom (7.4),Italy (4.9),Denmark (4.2),Sweden (2.5),Poland (2.3),Bulgaria (1.4),Czechia (1.0),France (1.0),Spain (0.7),,,,,,,,,,,,,,,,,,,,,,,,,,,,,,,,,,,,,,,,,,,,,,,,,,,,,,,,,,,,,,,,,,,,,,
,84,,Slovakia,,,,146,29,208,29,,,,0,,29,,1,4,,0,0,10,9,,2,5,,,,47,34,15,25,1,3,30,298,,922,0.1%,,,Russia (48),United States (35),Germany (3.9),Italy (3.6),Israel (3.0),China (1.4),Ukraine (1.4),Czechia (1.3),Finland (1.1),Poland (0.4),South Africa (0.1),,,,,,,,,,,,,,,,,,,,,,,,,,,,,,,,,,,,,,,,,,,,,,,,,,,,,,,,,,,,,,,,,,,,,,,,,
,85,,Georgia,,,,4,,,,4,28,23,6,85,,1,38,95,97,161,132,38,,2,,5,1,,,7,41,6,,,2,0,17,,795,0.1%,,,Ukraine (44),Czechia (19),Turkiye (9.8),Israel (6.4),Bulgaria (5.6),United States (4.5),France (4.4),Greece (3.2),Poland (1.1),Kazakhstan (0.8),Germany (0.6),Russia (0.5),Uzbekistan (0.5),,,,,,,,,,,,,,,,,,,,,,,,,,,,,,,,,,,,,,,,,,,,,,,,,,,,,,,,,,,,,,,,,,,,,,,
,86,11,Soviet Union,655,132,,,,,,,,,,,,,,,,,,,,,,,,,,,,,,,,,,,787,0.1%,29178,-97%,Czechoslovakia (75),Poland (14),East Germany (GDR) (4.9),Bulgaria (4.6),Romania (1.1),,,,,,,,,,,,,,,,,,,,,,,,,,,,,,,,,,,,,,,,,,,,,,,,,,,,,,,,,,,,,,,,,,,,,,,,,,,,,,,
,87,86,Lebanon,,,40,40,18,42,27,9,8,4,4,,,,,1,,5,1,52,64,1,31,27,6,48,28,50,53,56,45,43,30,14,9,,753,0.1%,1005,-25%,United States (66),Syria (11),Jordan (9.3),Brazil (4.4),UAE (3.9),France (3.0),Belgium (1.2),Italy (0.9),Canada (0.5),Germany (0.5),,,,,,,,,,,,,,,,,,,,,,,,,,,,,,,,,,,,,,,,,,,,,,,,,,,,,,,,,,,,,,,,,,,,,,,,,,
,88,,Croatia,,1,29,29,53,1,12,45,,,,57,2,24,8,,,20,103,4,10,18,18,,27,11,20,13,3,5,,,29,89,90,,719,0.1%,,,France (25),United States (19),Russia (18),Finland (12),unknown supplier(s) (8.5),Switzerland (4.9),Germany (3.1),Kyrgyzstan (2.2),Poland (2.2),Sweden (1.4),Israel (1.2),Canada (0.8),Italy (0.8),Ukraine (0.7),Soviet Union (0.1),Czechia (0.1),,,,,,,,,,,,,,,,,,,,,,,,,,,,,,,,,,,,,,,,,,,,,,,,,,,,,,,,,,,,,,,,,,,,
,89,,Eritrea,,,,21,20,7,43,53,212,31,20,57,18,17,80,99,,4,,,,,,,,,,,,,,,,,,,682,0.1%,,,Russia (60),Bulgaria (13),Italy (7.9),Ukraine (5.6),Belarus (4.5),Israel (3.1),Ethiopia (2.5),Finland (1.6),China (1.5),United Kingdom (0.4),Germany (0.3),,,,,,,,,,,,,,,,,,,,,,,,,,,,,,,,,,,,,,,,,,,,,,,,,,,,,,,,,,,,,,,,,,,,,,,,,
,90,82,DR Congo,5,,2,,,0,61,6,10,46,89,11,18,,,26,24,,18,37,156,,15,1,,3,43,,1,,6,,,27,35,,640,0.1%,1191,-46%,Ukraine (40),Georgia (18),unknown supplier(s) (8.9),China (5.9),United States (5.7),Serbia (4.8),France (4.3),Ghana (3.0),Belgium (1.8),Libya (1.6),Turkiye (1.3),South Africa (1.3),Russia (1.1),UAE (0.8),Egypt (0.6),Bulgaria (0.4),Belarus (0.2),,,,,,,,,,,,,,,,,,,,,,,,,,,,,,,,,,,,,,,,,,,,,,,,,,,,,,,,,,,,,,,,,,,
,91,83,Kenya,43,14,,,30,,,61,,,15,,,,,,,11,,34,96,35,68,1,17,30,32,17,6,18,71,4,1,,17,,619,0.1%,1111,-44%,Jordan (18),Spain (17),China (14),Italy (11),United States (9.2),Ukraine (5.5),Russia (4.7),Serbia (4.7),Canada (4.4),United Kingdom (3.7),Turkiye (2.3),South Africa (1.7),France (1.5),Germany (1.0),UAE (0.6),Montenegro (0.2),,,,,,,,,,,,,,,,,,,,,,,,,,,,,,,,,,,,,,,,,,,,,,,,,,,,,,,,,,,,,,,,,,,,
,92,103,Brunei,4,4,,,,,17,31,7,4,,5,1,0,0,1,1,,,33,33,229,20,15,121,36,,,,,,0,,11,28,,602,0.1%,354,70%,Germany (53),United States (20),France (8.3),Spain (4.2),Denmark (3.2),Netherlands (3.2),Singapore (1.9),Sweden (1.7),Australia (1.6),Indonesia (1.5),Switzerland (0.8),Canada (0.7),,,,,,,,,,,,,,,,,,,,,,,,,,,,,,,,,,,,,,,,,,,,,,,,,,,,,,,,,,,,,,,,,,,,,,,,
,93,109,Senegal,,,,,1,6,,,,,,,,,,16,15,12,6,6,4,16,,,9,24,40,48,15,40,22,21,28,172,77,,577,0.1%,268,115%,France (47),South Africa (7.8),China (7.6),Russia (5.8),Israel (5.3),Indonesia (5.2),Spain (5.0),Italy (3.2),Denmark (3.1),Turkiye (2.2),Slovakia (1.8),South Korea (1.3),Germany (1.2),Bulgaria (1.0),United States (1.0),Canada (0.8),unknown supplier(s) (0.6),Ukraine (0.5),Luxembourg (0.0),,,,,,,,,,,,,,,,,,,,,,,,,,,,,,,,,,,,,,,,,,,,,,,,,,,,,,,,,,,,,,,,,
,94,85,Tanzania,,,18,,5,,4,,,,2,,1,51,,10,12,1,,29,,78,115,118,14,20,20,2,17,,8,52,,,,,575,0.1%,1069,-46%,China (81),France (8.4),Netherlands (4.1),Italy (3.5),United Kingdom (0.9),Ukraine (0.6),unknown supplier(s) (0.6),Poland (0.4),UAE (0.3),Jordan (0.1),South Africa (0.1),,,,,,,,,,,,,,,,,,,,,,,,,,,,,,,,,,,,,,,,,,,,,,,,,,,,,,,,,,,,,,,,,,,,,,,,,
,95,,Uzbekistan,,,,,,,,,,,,8,9,,,,,,,,30,,,,18,100,55,5,114,77,46,60,22,17,,,562,0.1%,,,Russia (37),China (22),France (22),Spain (8.9),United States (6.6),Turkiye (3.0),Canada (1.1),,,,,,,,,,,,,,,,,,,,,,,,,,,,,,,,,,,,,,,,,,,,,,,,,,,,,,,,,,,,,,,,,,,,,,,,,,,,,
,96,84,Cambodia,48,,,2,74,1,27,22,,,,,,,,,14,56,,4,34,,78,68,,,,,5,1,,35,32,54,,,553,0.1%,1085,-49%,China (43),Ukraine (18),Czechia (10),Soviet Union (8.6),Poland (5.4),Serbia (5.4),Viet Nam (2.5),Bulgaria (2.2),Slovakia (1.7),Russia (1.0),Canada (0.5),Italy (0.4),France (0.3),Seychelles (0.2),Qatar (0.1),Oman (0.1),unknown supplier(s) (0.0),,,,,,,,,,,,,,,,,,,,,,,,,,,,,,,,,,,,,,,,,,,,,,,,,,,,,,,,,,,,,,,,,,,
,97,,Estonia,,,2,3,15,17,1,13,4,1,27,,2,14,11,26,4,18,28,42,13,1,2,18,2,18,32,36,19,20,25,20,18,25,63,,539,0.1%,,,Netherlands (19),Israel (12),Germany (11),France (10),United Kingdom (10),Sweden (8.6),South Korea (8.0),United States (5.8),Finland (4.7),Denmark (3.8),Poland (2.5),Czechia (2.2),Norway (1.4),Ukraine (0.7),unknown supplier(s) (0.4),Bulgaria (0.3),Belgium (0.2),,,,,,,,,,,,,,,,,,,,,,,,,,,,,,,,,,,,,,,,,,,,,,,,,,,,,,,,,,,,,,,,,,,
,98,,Latvia,,,0,8,12,16,0,0,0,4,3,14,4,25,13,5,9,51,46,11,16,27,9,5,5,3,28,30,21,31,10,15,34,42,10,,505,0.1%,,,Netherlands (23),United States (21),Germany (10),Sweden (9.5),United Kingdom (8.2),Finland (6.8),Norway (4.8),Austria (4.7),Israel (3.4),Poland (2.1),Russia (1.9),Czechia (1.8),unknown supplier(s) (1.1),Italy (1.1),Denmark (0.3),,,,,,,,,,,,,,,,,,,,,,,,,,,,,,,,,,,,,,,,,,,,,,,,,,,,,,,,,,,,,,,,,,,,,
,99,107,Ireland,,11,,,41,,,,3,33,0,42,21,,27,5,13,26,32,,4,,,,40,43,43,2,5,35,9,,1,63,,,498,0.1%,283,76%,United Kingdom (29),Spain (18),Switzerland (14),Canada (14),Italy (10),Netherlands (3.2),Finland (3.0),New Zealand (2.3),Germany (1.7),United States (1.6),Sweden (1.5),Israel (1.0),South Africa (0.8),Norway (0.4),France (0.0),,,,,,,,,,,,,,,,,,,,,,,,,,,,,,,,,,,,,,,,,,,,,,,,,,,,,,,,,,,,,,,,,,,,,
,100,93,Uruguay,39,63,25,18,11,12,4,19,27,9,4,,13,,,20,8,3,78,29,20,,,3,9,13,,,10,,25,3,7,,10,,483,0.1%,569,-15%,Portugal (17),France (17),Germany (13),United States (11),Spain (10),Czechia (5.0),Canada (4.1),United Kingdom (3.6),Brazil (3.5),Israel (2.8),Sweden (1.8),Ecuador (1.7),Switzerland (1.6),Chile (1.5),Italy (1.5),Russia (1.4),Argentina (1.0),South Korea (1.0),unknown supplier(s) (0.6),Netherlands (0.6),,,,,,,,,,,,,,,,,,,,,,,,,,,,,,,,,,,,,,,,,,,,,,,,,,,,,,,,,,,,,,,,
,,,Others,1509,562,203,131,285,141,231,308,148,321,352,504,150,185,244,210,292,247,290,383,450,443,566,606,713,431,565,290,348,574,585,577,406,634,415,0,14302,1.6%,148275,-90%,,,,,,,,,,,,,,,,,,,,,,,,,,,,,,,,,,,,,,,,,,,,,,,,,,,,,,,,,,,,,,,,,,,,,,,,,,,,,,,,,,,,
,,,Total,30260,28069,24236,25826,22978,22982,23783,28917,27888,24986,19363,18659,17794,19103,21346,21338,24500,26509,24093,24411,25761,29806,27833,27225,26995,28075,30794,31140,27040,26750,24194,26263,33871,29683,28938,0,901410,100%,1131134,-20%,,,,,,,,,,,,,,,,,,,,,,,,,,,,,,,,,,,,,,,,,,,,,,,,,,,,,,,,,,,,,,,,,,,,,,,,,,,,,,,,,,,,
